id,sample_name,fname,norvaline_area,succinate_area,norleucine_area,glucose1_area,glucose2_area,sorbitol_area,ribose_area,glucose_area,glucose_area_normalized,succinate_area_normalized,ribose_area_normalized
P1B08,B08_P1_AtOa_0.00000_2.50000_T1,B08_P1_AtOa_0_00000_2_50000_T1.D,338461,867,292549,6593428,1082548.0,496753,23438.0,7675976.0,15.452299231207462,0.002561594984355657,0.04718240252197772
P2A02,A02_P2_AtC2_3.75000_2.50000_T0,A02_P2_AtC2_3_75000_2_50000_T0.D,937335,703,999793,19505214,4045198.0,1035540,42791.0,23550412.0,22.742155783455974,0.0007499986664319586,0.04132240183865423
P2H08,H08_P2_AtOaC2_3.75000_2.50000_T7,H08_P2_AtOaC2_3_75000_2_50000_T7.D,1095211,251,1199343,825,104.0,1056445,78.0,929.0,0.0008793642830436037,0.00022917958274706882,7.383252322648126e-05
P2D05,D05_P2_OaC2_3.75000_2.50000_T3,D05_P2_OaC2_3_75000_2_50000_T3.D,968996,993,1060671,472,77.0,933963,18.0,549.0,0.0005878177186890701,0.0010247720320826917,1.9272712088166235e-05
P2H04,H04_P2_Oa_3.75000_2.50000_T7,H04_P2_Oa_3_75000_2_50000_T7.D,1000468,262,1106293,364,70.0,914107,28.0,434.0,0.0004747803047126868,0.0002618774413574447,3.06309874008185e-05
P2G07,G07_P2_AtOa_3.75000_2.50000_T6,G07_P2_AtOa_3_75000_2_50000_T6.D,942280,370,1032611,315,54.0,872449,6.0,369.0,0.0004229473585275472,0.000392664600755614,6.8771928215861325e-06
P1A07,A07_P1_AtOa_3.75000_0.00000_T0,A07_P1_AtOa_3_75000_0_00000_T0.D,99957,234419,853,81616,12408.0,865685,87.0,94024.0,0.10861225503503007,2.3451984353271906,0.00010049844920496485
P2H06,H06_P2_FM_0.00000_0.00008_T0,H06_P2_FM_0_00000_0_00008_T0.D,83,59,96,12,11.0,31,182.0,23.0,0.7419354838709677,0.7108433734939759,5.870967741935484
P2G08,G08_P2_AtOaC2_3.75000_2.50000_T6,G08_P2_AtOaC2_3_75000_2_50000_T6.D,942280,57,1032611,12,8.0,872449,112.0,20.0,2.2923976071953776e-05,6.049157362991892e-05,0.00012837426600294114
P2E02,E02_P2_AtC2_3.75000_2.50000_T4,E02_P2_AtC2_3_75000_2_50000_T4.D,919123,1103,941622,348,,1044004,22.0,348.0,0.0003333320561990184,0.0012000570108679687,2.1072716196489668e-05
P1B09,B09_P1_none_0.00000_0.00000_none,B09_P1_none_0_00000_0_00000_none.D,2234,541,1741,60,,41,40.0,60.0,1.4634146341463414,0.2421665174574754,0.975609756097561
P1B04,B04_P1_Oa_3.75000_0.00000_T1,B04_P1_Oa_3_75000_0_00000_T1.D,986105,446787,1152995,120,6.0,947845,66.0,126.0,0.0001329331272518186,0.4530825824836098,6.963163808428593e-05
P2E04,E04_P2_Oa_3.75000_2.50000_T4,E04_P2_Oa_3_75000_2_50000_T4.D,790766,975338,929545,5831212,919980.0,864758,23492.0,6751192.0,7.807030406194565,1.2334091248232726,0.027165981696613387
P2B05,B05_P2_OaC2_3.75000_2.50000_T1,B05_P2_OaC2_3_75000_2_50000_T1.D,598180,998,641921,3368807,496271.0,663256,12005.0,3865078.0,5.827430132558168,0.0016683941288575346,0.018100100112173882
P1G06,G06_P1_FM_0.00000_0.00031_T0,G06_P1_FM_0_00000_0_00031_T0.D,905969,97,1014802,1913,311.0,878906,32.0,2224.0,0.0025304184975412617,0.00010706768112374705,3.640889924519801e-05
P2C09,C09_P2_none_0.00000_0.00000_none,C09_P2_none_0_00000_0_00000_none.D,1056,425,1229,117,14.0,13,6.0,131.0,10.076923076923077,0.4024621212121212,0.46153846153846156
P2F03,F03_P2_FM_0.00183_0.00000_T0,F03_P2_FM_0_00183_0_00000_T0.D,829211,920,936016,220,8.0,690598,12.0,228.0,0.0003301486537754236,0.001109488417302713,1.737624493554861e-05
P2A04,A04_P2_Oa_3.75000_2.50000_T0,A04_P2_Oa_3_75000_2_50000_T0.D,1043744,2206908,1281397,7333558,1202616.0,1099540,22684.0,8536174.0,7.76340469650945,2.114415028972622,0.020630445459010133
P2A07,A07_P2_AtOa_3.75000_2.50000_T0,A07_P2_AtOa_3_75000_2_50000_T0.D,999573,2272151,1237921,7655636,1262991.0,1116501,27934.0,8918627.0,7.988015236887383,2.2731216229329925,0.025019234196834574
P1H04,H04_P1_Oa_3.75000_0.00000_T7,H04_P1_Oa_3_75000_0_00000_T7.D,1210169,770,1345120,567,153.0,1116676,,720.0,0.0006447707302744932,0.0006362747682348498,
P1E06,E06_P1_FM_0.00000_0.00488_T0,E06_P1_FM_0_00000_0_00488_T0.D,930339,466,1042759,3549,608.0,835902,,4157.0,0.004973071005931317,0.0005008926853544783,
P2D01,D01_P2_At_3.75000_2.50000_T3,D01_P2_At_3_75000_2_50000_T3.D,977722,606,1105443,6610064,1074509.0,991671,22337.0,7684573.0,7.749115382016818,0.0006198080845066389,0.022524607455496833
P2B02,B02_P2_AtC2_3.75000_2.50000_T1,B02_P2_AtC2_3_75000_2_50000_T1.D,1045254,723,1182564,292889,35081.0,962526,1457.0,327970.0,0.3407388475739876,0.0006916979030934108,0.001513725343523188
P1C07,C07_P1_AtOa_3.75000_0.00000_T2,C07_P1_AtOa_3_75000_0_00000_T2.D,973394,482,1086584,70697,9922.0,861044,450.0,80619.0,0.09362936156572718,0.0004951746158287395,0.0005226213759111033
P2F04,F04_P2_Oa_3.75000_2.50000_T5,F04_P2_Oa_3_75000_2_50000_T5.D,947722,678,1058857,461,8.0,903396,45.0,469.0,0.0005191521768969533,0.0007153996636144355,4.9812042559409166e-05
P1B03,B03_P1_FM_0.93750_0.00000_T0,B03_P1_FM_0_93750_0_00000_T0.D,1065690,521061,1266583,124088,16007.0,998523,804.0,140095.0,0.14030222638837564,0.48894237536244123,0.0008051892645437311
P1D01,D01_P1_At_3.75000_0.00000_T3,D01_P1_At_3_75000_0_00000_T3.D,1005542,497,1118170,13789158,2571546.0,1050595,57183.0,16360704.0,15.5727982714557,0.0004942608066097686,0.054429156811140356
P1G03,G03_P1_FM_0.00046_0.00000_T0,G03_P1_FM_0_00046_0_00000_T0.D,1078104,693,1205542,1761,359.0,969575,41.0,2120.0,0.002186525023850656,0.0006427951292268649,4.22865688574891e-05
P2H07,H07_P2_AtOa_3.75000_2.50000_T7,H07_P2_AtOa_3_75000_2_50000_T7.D,1095211,335,1199343,371,44.0,1056445,46.0,415.0,0.00039282688639730417,0.00030587713235166557,4.354225728741203e-05
P2C02,C02_P2_AtC2_3.75000_2.50000_T2,C02_P2_AtC2_3_75000_2_50000_T2.D,1092273,351,1229050,246,14.0,939159,22.0,260.0,0.0002768434311974863,0.00032134823436997894,2.3425213409018068e-05
P1G02,G02_P1_At_0.00000_2.50000_T6,G02_P1_At_0_00000_2_50000_T6.D,1005219,641,1112486,21973311,4755886.0,1063062,118226.0,26729197.0,25.14359181308334,0.0006376719898847912,0.11121270443304342
P1F07,F07_P1_AtOa_3.75000_0.00000_T5,E07_P1_AtOa_3_75000_0_00000_T4.D,1035460,429,1172021,1354,62.0,910975,16.0,1416.0,0.0015543785504541837,0.00041430861646031715,1.7563599440160267e-05
P2C07,C07_P2_AtOa_3.75000_2.50000_T2,C07_P2_AtOa_3_75000_2_50000_T2.D,1019182,385,1150345,1041865,136151.0,999143,4287.0,1178016.0,1.1790264256467793,0.00037775392422550633,0.004290677110283513
P1A04,A04_P1_Oa_3.75000_0.00000_T0,A04_P1_Oa_3_75000_0_00000_T0.D,1057333,2426683,1264774,112,25.0,971960,23.0,137.0,0.00014095230256389152,2.2950981384294256,2.366352524795259e-05
P1H06,H06_P1_FM_0.00000_0.00008_T0,H06_P1_FM_0_00000_0_00008_T0.D,843790,353,927037,2046,93.0,733411,16.0,2139.0,0.0029165092969699116,0.00041835053745600207,2.1815871319083023e-05
P1A06,A06_P1_FM_0.00000_2.50000_T0,A06_P1_FM_0_00000_2_50000_T0.D,1023386,285,1152257,7518094,1241885.0,1034509,28574.0,8759979.0,8.467764901030344,0.0002784872960935561,0.02762083268487756
P2E06,E06_P2_FM_0.00000_0.00488_T0,E06_P2_FM_0_00000_0_00488_T0.D,1150136,430,1285263,6937,1183.0,1024959,54.0,8120.0,0.007922268110236604,0.0003738688294253897,5.268503423063752e-05
P2C06,C06_P2_FM_0.00000_0.15625_T0,C06_P2_FM_0_00000_0_15625_T0.D,1089658,220,1230831,276303,33608.0,1062004,1430.0,309911.0,0.2918171682969179,0.0002018982102641379,0.0013465109359286783
P1D04,D04_P1_Oa_3.75000_0.00000_T3,D04_P1_Oa_3_75000_0_00000_T3.D,1247377,679,1418066,316,12.0,1150950,13.0,328.0,0.00028498197141491814,0.0005443422477727263,1.1295017159737608e-05
P2F01,F01_P2_At_3.75000_2.50000_T5,F01_P2_At_3_75000_2_50000_T5.D,1016022,1164,1119348,7073491,1154765.0,1026260,23506.0,8228256.0,8.017710911464931,0.0011456444840761322,0.022904527117884356
P2G03,G03_P2_FM_0.00046_0.00000_T0,H02_P1_At_0_00000_2_50000_T7.D,836424,387,939520,1722,138.0,705962,,1860.0,0.002634702717710018,0.0004626839975897392,
P2F07,F07_P2_AtOa_3.75000_2.50000_T5,E07_P2_AtOa_3_75000_2_50000_T4.D,943854,131,1051685,133,31.0,835267,,164.0,0.00019634440244855835,0.00013879265225342054,
P2B09,B09_P2_none_0.00000_0.00000_none,A09_P1_none_0_00000_0_00000_none.D,2899,164,2093,126,17.0,48,19.0,143.0,2.9791666666666665,0.056571231459123836,0.3958333333333333
P2A09,A09_P2_none_0.00000_0.00000_none,C08_P1_AtOa_0_00000_2_50000_T2.D,1514,39,1226,83,,12,,83.0,6.916666666666667,0.025759577278731835,
P2H05,H05_P2_OaC2_3.75000_2.50000_T7,C04_P1_Oa_3_75000_0_00000_T2.D,818308,336,907269,281,46.0,796826,16.0,327.0,0.0004103781754109429,0.0004106033425067334,2.007966607515317e-05
P1E07,E07_P1_AtOa_3.75000_0.00000_T4,G03_P2_FM_0_00046_0_00000_T0.D,789081,465,909239,4142,686.0,665343,43.0,4828.0,0.007256407597284408,0.0005892931143951001,6.462831952842369e-05
P2C01,C01_P2_At_3.75000_2.50000_T2,F07_P2_AtOa_3_75000_2_50000_T5.D,917383,572,1025965,6169685,997877.0,927311,17560.0,7167562.0,7.729404698100206,0.0006235127531249217,0.01893647330830757
P2B06,B06_P2_FM_0.00000_0.62500_T0,B09_P2_none_0_00000_0_00000_none.D,973186,384,1093487,1387315,185760.0,911460,5229.0,1573075.0,1.725884844096285,0.00039458027550745697,0.005736949509578039
P1A08,A08_P1_AtOa_0.00000_2.50000_T0,A09_P2_none_0_00000_0_00000_none.D,405685,300,432643,5678372,892712.0,413476,18923.0,6571084.0,15.892298464723467,0.0007394899983977716,0.045765655080343234
P1B05,B05_P1_Oa_0.00000_2.50000_T1,H05_P2_OaC2_3_75000_2_50000_T7.D,969638,284,1091841,6707552,1082131.0,968111,22828.0,7789683.0,8.046270520632449,0.00029289281154410205,0.02357994072993696
P1F06,F06_P1_FM_0.00000_0.00122_T0,F07_P1_AtOa_3_75000_0_00000_T5.D,799955,330,892567,1010,175.0,696292,,1185.0,0.0017018722030412528,0.0004125232044302492,
P1B01,B01_P1_At_3.75000_0.00000_T1,C01_P2_At_3_75000_2_50000_T2.D,1024194,343,1155177,13528851,2493098.0,1012613,49610.0,16021949.0,15.822381304605017,0.00033489749012394134,0.04899206310801856
P2D02,D02_P2_AtC2_3.75000_2.50000_T3,B06_P2_FM_0_00000_0_62500_T0.D,988317,613,1125085,781,57.0,884990,25.0,838.0,0.0009469033548401677,0.0006202463379664622,2.8248906767308105e-05
P2G02,G02_P2_AtC2_3.75000_2.50000_T6,A08_P1_AtOa_0_00000_2_50000_T0.D,1032439,212,1139872,284,10.0,914476,,294.0,0.00032149558873059545,0.00020533900792201766,
P1D07,D07_P1_AtOa_3.75000_0.00000_T3,B05_P1_Oa_0_00000_2_50000_T1.D,848669,359,975251,195,20.0,674020,,215.0,0.00031898163259250467,0.00042301533342209977,
P1E05,E05_P1_Oa_0.00000_2.50000_T4,F06_P1_FM_0_00000_0_00122_T0.D,1034950,472,1164830,7714549,1286091.0,1057609,26148.0,9000640.0,8.510366307397158,0.00045606067925986764,0.02472369278249334
P1F04,F04_P1_Oa_3.75000_0.00000_T5,B01_P1_At_3_75000_0_00000_T1.D,481797,187,541289,621,118.0,428844,37.0,739.0,0.0017232373543759503,0.00038813027063265234,8.627846023262538e-05
P2C03,C03_P2_FM_0.23438_0.00000_T0,D02_P2_AtC2_3_75000_2_50000_T3.D,821280,84603,974734,318,14.0,712631,44.0,332.0,0.0004658792558841813,0.1030135885447107,6.174303391236137e-05
P1A01,A01_P1_At_3.75000_0.00000_T0,G02_P2_AtC2_3_75000_2_50000_T6.D,929868,371,1050181,13348765,2473297.0,914122,46533.0,15822062.0,17.308479612130547,0.0003989813607952957,0.050904583852046006
P1C05,C05_P1_Oa_0.00000_2.50000_T2,D07_P1_AtOa_3_75000_0_00000_T3.D,1018718,500,1149900,6616769,1056196.0,1031372,23289.0,7672965.0,7.439570785322852,0.0004908129629593273,0.022580601373704153
P2E01,E01_P2_At_3.75000_2.50000_T4,E05_P1_Oa_0_00000_2_50000_T4.D,878609,301,983087,5969217,943705.0,889859,19542.0,6912922.0,7.768558839096981,0.0003425869755488505,0.021960782550943463
P1G08,G08_P1_AtOa_0.00000_2.50000_T6,F04_P1_Oa_3_75000_0_00000_T5.D,927409,323,1021740,5995680,944419.0,935269,20625.0,6940099.0,7.420430913459122,0.00034828214951547807,0.022052479019405113
P2E03,E03_P2_FM_0.00732_0.00000_T0,C03_P2_FM_0_23438_0_00000_T0.D,756483,1606,840825,500,8.0,626773,13.0,508.0,0.0008105007714116594,0.002122982274552105,2.0741161473133015e-05
P2B01,B01_P2_At_3.75000_2.50000_T1,A01_P1_At_3_75000_0_00000_T0.D,906136,379,1010214,5809945,923492.0,899886,17290.0,6733437.0,7.4825444556310465,0.00041825951071362355,0.01921354482678917
P1D08,D08_P1_AtOa_0.00000_2.50000_T3,C05_P1_Oa_0_00000_2_50000_T2.D,504482,130,552586,4841187,742815.0,476001,16373.0,5584002.0,11.731071993546232,0.00025769006624616934,0.0343969865609526
P1H01,H01_P1_At_3.75000_0.00000_T7,E01_P2_At_3_75000_2_50000_T4.D,1015495,496,1138214,12269683,2204761.0,1050687,42199.0,14474444.0,13.77617120988458,0.0004884317500332351,0.04016324557170689
P2A01,A01_P2_At_3.75000_2.50000_T0,G08_P1_AtOa_0_00000_2_50000_T6.D,1066901,264,1199407,20666197,4359373.0,1092974,82428.0,25025570.0,22.896766071288063,0.0002474456392861193,0.07541624960886535
P2B04,B04_P2_Oa_3.75000_2.50000_T1,E03_P2_FM_0_00732_0_00000_T0.D,799184,1353661,1008843,5888418,933798.0,822956,18397.0,6822216.0,8.289891561638775,1.6938039300086087,0.02235477959939535
P1F05,F05_P1_Oa_0.00000_2.50000_T5,B01_P2_At_3_75000_2_50000_T1.D,1003940,1282,1124533,6977370,1126597.0,1039897,23706.0,8103967.0,7.793047773000596,0.0012769687431519812,0.02279648849838013
P1H08,H08_P1_AtOa_0.00000_2.50000_T7,D08_P1_AtOa_0_00000_2_50000_T3.D,908841,204,1011307,4725931,719151.0,954273,16017.0,5445082.0,5.706000274554556,0.00022446170452257325,0.01678450506301656
P1E02,E02_P1_At_0.00000_2.50000_T4,H01_P1_At_3_75000_0_00000_T7.D,973581,619,1071041,20042839,4122440.0,1019859,92474.0,24165279.0,23.69472544734125,0.0006357971242248975,0.09067331856658617
P1C03,C03_P1_FM_0.23438_0.00000_T0,A01_P2_At_3_75000_2_50000_T0.D,999531,99834,1176109,14708,2344.0,872738,171.0,17052.0,0.019538509839149894,0.09988084411589035,0.00019593509163116536
P2A08,A08_P2_AtOaC2_3.75000_2.50000_T0,B04_P2_Oa_3_75000_2_50000_T1.D,999573,2157097,1237921,6940654,1126446.0,1116501,22055.0,8067100.0,7.225340595306229,2.15801847388835,0.019753676888780217
P2E05,E05_P2_OaC2_3.75000_2.50000_T4,F05_P1_Oa_0_00000_2_50000_T5.D,859483,1826,958378,467,66.0,832655,35.0,533.0,0.0006401210585416529,0.0021245330041431885,4.203421585170329e-05
P1A02,A02_P1_At_0.00000_2.50000_T0,H08_P1_AtOa_0_00000_2_50000_T7.D,962891,798,1083192,7173756,1171061.0,1018646,23680.0,8344817.0,8.192067705562089,0.0008287542411342509,0.023246544923359046
P2F02,F02_P2_AtC2_3.75000_2.50000_T5,E02_P1_At_0_00000_2_50000_T4.D,1073119,448,1208381,668,67.0,939099,,735.0,0.0007826650864285874,0.0004174746696312338,
P1G04,G04_P1_Oa_3.75000_0.00000_T6,C03_P1_FM_0_23438_0_00000_T0.D,1012787,536,1133810,380,7.0,896992,,387.0,0.0004314419749562984,0.0005292327014466023,
P1B07,B07_P1_AtOa_3.75000_0.00000_T1,A08_P2_AtOaC2_3_75000_2_50000_T0.D,912734,562,1009738,1484,304.0,818835,,1788.0,0.002183590100569712,0.0006157325135252987,
P1H07,H07_P1_AtOa_3.75000_0.00000_T7,E05_P2_OaC2_3_75000_2_50000_T4.D,885017,421,1013041,316,,736864,25.0,316.0,0.00042884440005211275,0.0004756970770053005,3.392756329526208e-05
P1G07,G07_P1_AtOa_3.75000_0.00000_T6,A02_P1_At_0_00000_2_50000_T0.D,825226,425,952849,880,69.0,719137,15.0,949.0,0.0013196372874709548,0.0005150104335054882,2.085833436466209e-05
P2A06,A06_P2_FM_0.00000_2.50000_T0,F02_P2_AtC2_3_75000_2_50000_T5.D,740062,461,821034,5310886,826921.0,776098,16754.0,6137807.0,7.908546343374161,0.0006229207823128332,0.021587479931658115
P2C08,C08_P2_AtOaC2_3.75000_2.50000_T2,G04_P1_Oa_3_75000_0_00000_T6.D,1019182,174,1150345,398,62.0,999143,,460.0,0.00046039455813632284,0.00017072515016944962,
P2A03,A03_P2_FM_3.75000_0.00000_T0,B07_P1_AtOa_3_75000_0_00000_T1.D,869262,1567747,1056273,170,34.0,700296,8.0,204.0,0.0002913053908632921,1.8035379436809615,1.1423740818168317e-05
P2H01,H01_P2_At_3.75000_2.50000_T7,H07_P1_AtOa_3_75000_0_00000_T7.D,963954,1272,1075007,7242370,1178855.0,979241,22602.0,8421225.0,8.59974715110989,0.0013195650414853822,0.023081141414626225
P2B03,B03_P2_FM_0.93750_0.00000_T0,G07_P1_AtOa_3_75000_0_00000_T6.D,512978,193280,629497,401,18.0,402242,7.0,419.0,0.0010416614873633284,0.3767802907727037,1.7402459216093795e-05
P1D03,D03_P1_FM_0.05859_0.00000_T0,A06_P2_FM_0_00000_2_50000_T0.D,1052874,18852,1216301,219,11.0,936952,24.0,230.0,0.0002454768227187732,0.017905276414841662,2.5614972805437204e-05
P1E08,E08_P1_AtOa_0.00000_2.50000_T4,C08_P2_AtOaC2_3_75000_2_50000_T2.D,668953,325,731199,6396685,1014407.0,700163,20879.0,7411092.0,10.584809537207764,0.0004858338328701717,0.02982019901080177
P2D07,D07_P2_AtOa_3.75000_2.50000_T3,A03_P2_FM_3_75000_0_00000_T0.D,876453,378,991033,589,13.0,836131,17.0,602.0,0.0007199828734970956,0.000431283822406906,2.0331742274834926e-05
P2D03,D03_P2_FM_0.05859_0.00000_T0,H01_P2_At_3_75000_2_50000_T7.D,884704,12446,1020742,222,16.0,707520,62.0,238.0,0.000336386250565355,0.014067982059536297,8.763003165988241e-05
P2C05,C05_P2_OaC2_3.75000_2.50000_T2,B03_P2_FM_0_93750_0_00000_T0.D,938285,457,1058337,473263,57614.0,956345,2013.0,530877.0,0.5551103419790975,0.00048705883606793245,0.002104888926067476
P2H03,H03_P2_FM_0.00011_0.00000_T0,D03_P1_FM_0_05859_0_00000_T0.D,700766,276,761943,274,20.0,610176,,294.0,0.0004818281938325991,0.0003938547246869854,
P1G05,G05_P1_Oa_0.00000_2.50000_T6,E08_P1_AtOa_0_00000_2_50000_T4.D,1018423,374,1139656,7016511,1113241.0,1059032,22579.0,8129752.0,7.676587676293067,0.00036723443991347406,0.02132041335861428
P2H02,H02_P2_AtC2_3.75000_2.50000_T7,D07_P2_AtOa_3_75000_2_50000_T3.D,1001085,258,1122103,602,80.0,860541,29.0,682.0,0.0007925247024836702,0.0002577203733948666,3.3699730750771895e-05
P2F05,F05_P2_OaC2_3.75000_2.50000_T5,D03_P2_FM_0_05859_0_00000_T0.D,848175,5238,943698,4249467,640321.0,872415,12903.0,4889788.0,5.604887582171329,0.006175612344150676,0.014789979539553997
P1F03,F03_P1_FM_0.00183_0.00000_T0,C05_P2_OaC2_3_75000_2_50000_T2.D,1024127,1159,1127229,1610,309.0,909020,22.0,1919.0,0.0021110646630437173,0.001131695580723875,2.4201887747244284e-05
P2D04,D04_P2_Oa_3.75000_2.50000_T3,H03_P2_FM_0_00011_0_00000_T0.D,810550,935107,1000324,5016117,774185.0,863366,15575.0,5790302.0,6.7066597480095345,1.153669730429955,0.01803985795132076
P2G06,G06_P2_FM_0.00000_0.00031_T0,G05_P1_Oa_0_00000_2_50000_T6.D,841815,645,920513,864,152.0,777277,16.0,1016.0,0.0013071273175457399,0.0007662016001140393,2.0584682166074643e-05
P1F01,F01_P1_At_3.75000_0.00000_T5,H02_P2_AtC2_3_75000_2_50000_T7.D,760953,218,835796,10442519,1798285.0,760447,33719.0,12240804.0,16.096853561129176,0.000286482870821194,0.04434102573880888
P1D02,D02_P1_At_0.00000_2.50000_T3,F05_P2_OaC2_3_75000_2_50000_T5.D,1014295,793,1121847,20921472,4389786.0,1096285,93371.0,25311258.0,23.088209726485356,0.0007818238283734022,0.08517037084334822
P2G01,G01_P2_At_3.75000_2.50000_T6,F03_P1_FM_0_00183_0_00000_T0.D,898973,332,998944,6197750,981663.0,931982,18440.0,7179413.0,7.703381610374449,0.00036931031299049027,0.019785789854310492
P2A05,A05_P2_OaC2_3.75000_2.50000_T0,D04_P2_Oa_3_75000_2_50000_T3.D,861105,1844696,1070161,6535355,1039254.0,952115,20298.0,7574609.0,7.9555610404205375,2.142242815916758,0.02131885328978117
P2F06,F06_P2_FM_0.00000_0.00122_T0,G06_P2_FM_0_00000_0_00031_T0.D,748114,354,829451,1194,257.0,628858,,1451.0,0.002307357145810342,0.000473189914906017,
P2C04,C04_P2_Oa_3.75000_2.50000_T2,F01_P1_At_3_75000_0_00000_T5.D,890141,1517873,1130689,6732768,1075748.0,995543,18304.0,7808516.0,7.843474365245901,1.7052051304231577,0.018385946162044232
P2E08,E08_P2_AtOaC2_3.75000_2.50000_T4,D02_P1_At_0_00000_2_50000_T3.D,484693,400,550322,213,41.0,462164,38.0,254.0,0.000549588457776893,0.0008252646520581069,8.222189525796037e-05
P1C01,C01_P1_At_3.75000_0.00000_T2,G01_P2_At_3_75000_2_50000_T6.D,859387,579,944432,11267236,1971847.0,876842,37078.0,13239083.0,15.098595870179576,0.0006737360467402928,0.04228583941006475
P2G04,G04_P2_Oa_3.75000_2.50000_T6,A05_P2_OaC2_3_75000_2_50000_T0.D,935738,523,1000125,269565,32345.0,870664,1264.0,301910.0,0.3467583361664201,0.0005589171327871691,0.0014517655490522176
P1E01,E01_P1_At_3.75000_0.00000_T4,F06_P2_FM_0_00000_0_00122_T0.D,1063891,536,1166364,14108622,2600583.0,1104629,50590.0,16709205.0,15.126531170193793,0.0005038110107144435,0.04579818201405177
P1D06,D06_P1_FM_0.00000_0.03906_T0,C04_P2_Oa_3_75000_2_50000_T2.D,888035,492,970786,47003,6808.0,816610,299.0,53811.0,0.06589559275541568,0.0005540322171986464,0.00036614785515729664
P1D05,D05_P1_Oa_0.00000_2.50000_T3,E08_P2_AtOaC2_3_75000_2_50000_T4.D,963417,502,1049191,7257759,1163574.0,1030654,24350.0,8421333.0,8.170863354724283,0.0005210620115692374,0.023625775478482595
P1E03,E03_P1_FM_0.00732_0.00000_T0,C01_P1_At_3_75000_0_00000_T2.D,998546,2653,1090281,1416,316.0,908942,27.0,1732.0,0.0019055121228857288,0.002656863078916745,2.9704865656994616e-05
P2F08,F08_P2_AtOaC2_3.75000_2.50000_T5,G04_P2_Oa_3_75000_2_50000_T6.D,943854,286,1051685,328,60.0,835267,23.0,388.0,0.0004645221228661015,0.0003030129659883838,2.753610522144416e-05
P1E04,E04_P1_Oa_3.75000_0.00000_T4,E01_P1_At_3_75000_0_00000_T4.D,646281,398,704375,340,102.0,573391,7.0,442.0,0.0007708526991180539,0.0006158311941709566,1.2208074420421667e-05
P1H05,H05_P1_Oa_0.00000_2.50000_T7,D06_P1_FM_0_00000_0_03906_T0.D,997484,251,1095170,6694719,1061926.0,1056628,21537.0,7756645.0,7.340942129112611,0.0002516331089019974,0.020382764795178625
P2B08,B08_P2_AtOaC2_3.75000_2.50000_T1,D05_P1_Oa_0_00000_2_50000_T3.D,972152,408,1074750,560,21.0,960510,,581.0,0.0006048869871214251,0.00041968745628255663,
P1A05,A05_P1_Oa_0.00000_2.50000_T0,E03_P1_FM_0_00732_0_00000_T0.D,1084129,451,1183395,8551000,1417042.0,1165257,28687.0,9968042.0,8.554372125634087,0.0004160021547251296,0.024618603449711094
P1F02,F02_P1_At_0.00000_2.50000_T5,F08_P2_AtOaC2_3_75000_2_50000_T5.D,1007263,603,1114086,20575975,4340588.0,1077915,101918.0,24916563.0,23.115517457313423,0.000598651990592328,0.09455105458222587
P2D08,D08_P2_AtOaC2_3.75000_2.50000_T3,E04_P1_Oa_3_75000_0_00000_T4.D,876453,582,991033,1260,179.0,836131,161.0,1439.0,0.0017210221843227916,0.0006640401710074585,0.0001925535591910837
P1A03,A03_P1_FM_3.75000_0.00000_T0,H05_P1_Oa_0_00000_2_50000_T7.D,984075,2195374,1192758,681,81.0,880564,21.0,762.0,0.0008653544773576934,2.230901100017783,2.384835173820415e-05
P1G01,G01_P1_At_3.75000_0.00000_T6,B08_P2_AtOaC2_3_75000_2_50000_T1.D,1054080,1226,1171980,13469396,2458315.0,1143610,46973.0,15927711.0,13.927572336723184,0.001163099574984821,0.04107431729348292
P1B02,B02_P1_At_0.00000_2.50000_T1,A05_P1_Oa_0_00000_2_50000_T0.D,1019865,772,1133739,20224730,4238647.0,1107363,91965.0,24463377.0,22.091560761918178,0.0007569629313683674,0.08304864800431296
P2B07,B07_P2_AtOa_3.75000_2.50000_T1,F02_P1_At_0_00000_2_50000_T5.D,972152,714,1074750,3097130,436066.0,960510,10292.0,3533196.0,3.678458319018022,0.0007344530484944741,0.010715140914722388
P1C02,C02_P1_At_0.00000_2.50000_T2,D08_P2_AtOaC2_3_75000_2_50000_T3.D,822737,587,921218,19353269,3948789.0,912932,79628.0,23302058.0,25.524418028944105,0.0007134722274554322,0.08722226847125525
P2D06,D06_P2_FM_0.00000_0.03906_T0,A03_P1_FM_3_75000_0_00000_T0.D,1039783,629,1126267,50493,6657.0,969613,403.0,57150.0,0.058941041425805966,0.0006049339140955372,0.00041562974093787934
P2G05,G05_P2_OaC2_3.75000_2.50000_T6,G01_P1_At_3_75000_0_00000_T6.D,816208,757,870259,1040,73.0,780682,,1113.0,0.0014256765238599071,0.0009274596671436692,
P1F08,F08_P1_AtOa_0.00000_2.50000_T5,B02_P1_At_0_00000_2_50000_T1.D,737451,511,793002,6794871,1072100.0,838696,23193.0,7866971.0,9.380003004664383,0.0006929273944980751,0.02765364327479802
P1C06,C06_P1_FM_0.00000_0.15625_T0,B07_P2_AtOa_3_75000_2_50000_T1.D,902251,362,990997,257645,30827.0,861684,1543.0,288472.0,0.3347770180251693,0.0004012187295996347,0.0017906796459026743
P1H03,H03_P1_FM_0.00011_0.00000_T0,C02_P1_At_0_00000_2_50000_T2.D,1008078,614,1108312,629,55.0,925665,34.0,684.0,0.000738928229975207,0.000609079852947887,3.673035061280269e-05
P1C09,C09_P1_none_0.00000_0.00000_none,D06_P2_FM_0_00000_0_03906_T0.D,5088,126,4390,261,24.0,83,46.0,285.0,3.433734939759036,0.024764150943396228,0.5542168674698795
P1B06,B06_P1_FM_0.00000_0.62500_T0,G05_P2_OaC2_3_75000_2_50000_T6.D,857784,489,947763,1082589,134989.0,888007,3825.0,1217578.0,1.3711355878951406,0.0005700735849584511,0.0043073984777147025
P1H02,H02_P1_At_0.00000_2.50000_T7,F08_P1_AtOa_0_00000_2_50000_T5.D,956940,523,1035606,21229368,4476527.0,1100937,94092.0,25705895.0,23.34910626130287,0.0005465337429723912,0.08546538085285534
P2E07,E07_P2_AtOa_3.75000_2.50000_T4,C06_P1_FM_0_00000_0_15625_T0.D,484693,59538,550322,1282,179.0,462164,46.0,1461.0,0.003161215499260003,0.12283651713558892,9.953176794384677e-05
P1A09,A09_P1_none_0.00000_0.00000_none,H03_P1_FM_0_00011_0_00000_T0.D,3223,248,1564,334,20.0,14,17.0,354.0,25.285714285714285,0.0769469438411418,1.2142857142857142
P1C08,C08_P1_AtOa_0.00000_2.50000_T2,C09_P1_none_0_00000_0_00000_none.D,487435,566,518440,6000419,936257.0,529983,19837.0,6936676.0,13.088487743946503,0.0011611804650876528,0.037429502455739144
P1C04,C04_P1_Oa_3.75000_0.00000_T2,B06_P1_FM_0_00000_0_62500_T0.D,1021339,805,1135068,1490,265.0,971640,30.0,1755.0,0.0018062245276028158,0.0007881810055231417,3.0875632950475484e-05
