Name,Data File,Type,Level,Acq. Date-Time,Norvaline Results,Succinate Results,Norleucine Results,Ribose Results,Glucose_1 Results,Glucose_2 Results,Sorbitol Results,Sugar Results
G02_P1_At_0_00000_2_50000_T6,G02_P1_At_0_00000_2_50000_T6.D,Sample,,2/26/2026 12:10,1005219,641,1112486,118226,21973311,4755886,1063062,396520
F08_P1_AtOa_0_00000_2_50000_T5,F08_P1_AtOa_0_00000_2_50000_T5.D,Sample,,2/28/2026 23:07,956940,523,1035606,94092,21229368,4476527,1100937,370252
F05_P2_OaC2_3_75000_2_50000_T5,F05_P2_OaC2_3_75000_2_50000_T5.D,Sample,,2/28/2026 4:39,1014295,793,1121847,93371,20921472,4389786,1096285,354396
G08_P1_AtOa_0_00000_2_50000_T6,G08_P1_AtOa_0_00000_2_50000_T6.D,Sample,,2/27/2026 9:36,1066901,264,1199407,82428,20666197,4359373,1092974,305690
F08_P2_AtOaC2_3_75000_2_50000_T5,F08_P2_AtOaC2_3_75000_2_50000_T5.D,Sample,,2/28/2026 14:47,1007263,603,1114086,101918,20575975,4340588,1077915,385217
A05_P1_Oa_0_00000_2_50000_T0,A05_P1_Oa_0_00000_2_50000_T0.D,Sample,,2/28/2026 17:09,1019865,772,1133739,91965,20224730,4238647,1107363,336915
H01_P1_At_3_75000_0_00000_T7,H01_P1_At_3_75000_0_00000_T7.D,Sample,,2/27/2026 12:00,973581,619,1071041,92474,20042839,4122440,1019859,342398
A02_P2_AtC2_3_75000_2_50000_T0,A02_P2_AtC2_3_75000_2_50000_T0.D,Sample,,2/25/2026 18:36,937335,703,999793,42791,19505214,4045198,1035540,103705
D08_P2_AtOaC2_3_75000_2_50000_T3,D08_P2_AtOaC2_3_75000_2_50000_T3.D,Sample,,2/28/2026 18:20,822737,587,921218,79628,19353269,3948789,912932,301445
F06_P2_FM_0_00000_0_00122_T0,F06_P2_FM_0_00000_0_00122_T0.D,Sample,,2/28/2026 9:25,1063891,536,1166364,50590,14108622,2600583,1104629,162469
D01_P1_At_3_75000_0_00000_T3,D01_P1_At_3_75000_0_00000_T3.D,Sample,,2/26/2026 9:48,1005542,497,1118170,57183,13789158,2571546,1050595,164600
C01_P2_At_3_75000_2_50000_T2,C01_P2_At_3_75000_2_50000_T2.D,Sample,,2/27/2026 0:41,1024194,343,1155177,49610,13528851,2493098,1012613,159255
B08_P2_AtOaC2_3_75000_2_50000_T1,B08_P2_AtOaC2_3_75000_2_50000_T1.D,Sample,,2/28/2026 16:34,1054080,1226,1171980,46973,13469396,2458315,1143610,149092
G02_P2_AtC2_3_75000_2_50000_T6,G02_P2_AtC2_3_75000_2_50000_T6.D,Sample,,2/27/2026 4:51,929868,371,1050181,46533,13348765,2473297,914122,149549
E01_P2_At_3_75000_2_50000_T4,E01_P2_At_3_75000_2_50000_T4.D,Sample,,2/27/2026 9:00,1015495,496,1138214,42199,12269683,2204761,1050687,131762
G01_P2_At_3_75000_2_50000_T6,G01_P2_At_3_75000_2_50000_T6.D,Sample,,2/28/2026 8:14,859387,579,944432,37078,11267236,1971847,876842,106651
H02_P2_AtC2_3_75000_2_50000_T7,H02_P2_AtC2_3_75000_2_50000_T7.D,Sample,,2/28/2026 4:03,760953,218,835796,33719,10442519,1798285,760447,102696
E03_P1_FM_0_00732_0_00000_T0,E03_P1_FM_0_00732_0_00000_T0.D,Sample,,2/28/2026 14:09,1084129,451,1183395,28687,8551000,1417042,1165257,71686
F06_P1_FM_0_00000_0_00122_T0,F06_P1_FM_0_00000_0_00122_T0.D,Sample,,2/27/2026 3:05,1034950,472,1164830,26148,7714549,1286091,1057609,73551
A07_P2_AtOa_3_75000_2_50000_T0,A07_P2_AtOa_3_75000_2_50000_T0.D,Sample,,2/26/2026 4:52,999573,2272151,1237921,27934,7655636,1262991,1116501,66450
A06_P1_FM_0_00000_2_50000_T0,A06_P1_FM_0_00000_2_50000_T0.D,Sample,,2/26/2026 15:08,1023386,285,1152257,28574,7518094,1241885,1034509,67400
A04_P2_Oa_3_75000_2_50000_T0,A04_P2_Oa_3_75000_2_50000_T0.D,Sample,,2/26/2026 4:16,1043744,2206908,1281397,22684,7333558,1202616,1099540,52368
E08_P2_AtOaC2_3_75000_2_50000_T4,E08_P2_AtOaC2_3_75000_2_50000_T4.D,Sample,,2/28/2026 10:36,963417,502,1049191,24350,7257759,1163574,1030654,61087
H07_P1_AtOa_3_75000_0_00000_T7,H07_P1_AtOa_3_75000_0_00000_T7.D,Sample,,2/27/2026 19:44,963954,1272,1075007,22602,7242370,1178855,979241,59118
H08_P1_AtOa_0_00000_2_50000_T7,H08_P1_AtOa_0_00000_2_50000_T7.D,Sample,,2/27/2026 14:22,962891,798,1083192,23680,7173756,1171061,1018646,59767
F01_P2_At_3_75000_2_50000_T5,F01_P2_At_3_75000_2_50000_T5.D,Sample,,2/26/2026 17:32,1016022,1164,1119348,23506,7073491,1154765,1026260,58687
E08_P1_AtOa_0_00000_2_50000_T4,E08_P1_AtOa_0_00000_2_50000_T4.D,Sample,,2/28/2026 0:30,1018423,374,1139656,22579,7016511,1113241,1059032,60101
B01_P2_At_3_75000_2_50000_T1,B01_P2_At_3_75000_2_50000_T1.D,Sample,,2/27/2026 10:49,1003940,1282,1124533,23706,6977370,1126597,1039897,60457
B04_P2_Oa_3_75000_2_50000_T1,B04_P2_Oa_3_75000_2_50000_T1.D,Sample,,2/27/2026 13:11,118507,2157097,163261,22055,6940654,1126446,88009,60176
B02_P1_At_0_00000_2_50000_T1,B02_P1_At_0_00000_2_50000_T1.D,Sample,,2/28/2026 20:07,737451,511,793002,23193,6794871,1072100,838696,56810
F01_P1_At_3_75000_0_00000_T5,F01_P1_At_3_75000_0_00000_T5.D,Sample,,2/28/2026 7:01,890141,1517873,1130689,18304,6732768,1075748,995543,49457
H05_P2_OaC2_3_75000_2_50000_T7,H05_P2_OaC2_3_75000_2_50000_T7.D,Sample,,2/26/2026 23:30,969638,284,1091841,22828,6707552,1082131,968111,54355
D06_P1_FM_0_00000_0_03906_T0,D06_P1_FM_0_00000_0_03906_T0.D,Sample,,2/28/2026 12:58,997484,251,1095170,21537,6694719,1061926,1056628,52275
D07_P1_AtOa_3_75000_0_00000_T3,D07_P1_AtOa_3_75000_0_00000_T3.D,Sample,,2/27/2026 5:27,1018718,500,1149900,23289,6616769,1056196,1031372,53740
D01_P2_At_3_75000_2_50000_T3,D01_P2_At_3_75000_2_50000_T3.D,Sample,,2/26/2026 6:39,977722,606,1105443,22337,6610064,1074509,991671,50758
B08_P1_AtOa_0_00000_2_50000_T1,B08_P1_AtOa_0_00000_2_50000_T1.D,Sample,,2/25/2026 18:00,338461,867,292549,23438,6593428,1082548,496753,21477
D04_P2_Oa_3_75000_2_50000_T3,D04_P2_Oa_3_75000_2_50000_T3.D,Sample,,2/28/2026 5:50,861105,1844696,1070161,20298,6535355,1039254,952115,50643
C08_P2_AtOaC2_3_75000_2_50000_T2,C08_P2_AtOaC2_3_75000_2_50000_T2.D,Sample,,2/27/2026 21:30,668953,325,731199,20879,6396685,1014407,700163,55042
F03_P1_FM_0_00183_0_00000_T0,F03_P1_FM_0_00183_0_00000_T0.D,Sample,,2/28/2026 5:14,898973,332,998944,18440,6197750,981663,931982,47268
F07_P2_AtOa_3_75000_2_50000_T5,F07_P2_AtOa_3_75000_2_50000_T5.D,Sample,,2/26/2026 21:43,917383,572,1025965,17560,6169685,997877,927311,41956
C09_P1_none_0_00000_0_00000_none,C09_P1_none_0_00000_0_00000_none.D,Sample,,3/1/2026 0:53,487435,566,518440,19837,6000419,936257,529983,45507
F04_P1_Oa_3_75000_0_00000_T5,F04_P1_Oa_3_75000_0_00000_T5.D,Sample,,2/27/2026 6:38,927409,323,1021740,20625,5995680,944419,935269,49979
E05_P1_Oa_0_00000_2_50000_T4,E05_P1_Oa_0_00000_2_50000_T4.D,Sample,,2/27/2026 6:02,878609,301,983087,19542,5969217,943705,889859,46468
E03_P2_FM_0_00732_0_00000_T0,E03_P2_FM_0_00732_0_00000_T0.D,Sample,,2/27/2026 10:13,799184,1353661,1008843,18397,5888418,933798,822956,47066
E04_P2_Oa_3_75000_2_50000_T4,E04_P2_Oa_3_75000_2_50000_T4.D,Sample,,2/26/2026 1:19,790766,975338,929545,23492,5831212,919980,864758,43476
A01_P1_At_3_75000_0_00000_T0,A01_P1_At_3_75000_0_00000_T0.D,Sample,,2/27/2026 7:49,906136,379,1010214,17290,5809945,923492,899886,42674
A09_P2_none_0_00000_0_00000_none,A09_P2_none_0_00000_0_00000_none.D,Sample,,2/26/2026 22:54,405685,300,432643,18923,5678372,892712,413476,43514
F02_P2_AtC2_3_75000_2_50000_T5,F02_P2_AtC2_3_75000_2_50000_T5.D,Sample,,2/27/2026 17:57,740062,461,821034,16754,5310886,826921,776098,40595
H03_P2_FM_0_00011_0_00000_T0,H03_P2_FM_0_00011_0_00000_T0.D,Sample,,2/28/2026 2:52,810550,935107,1000324,15575,5016117,774185,863366,38122
C05_P1_Oa_0_00000_2_50000_T2,C05_P1_Oa_0_00000_2_50000_T2.D,Sample,,2/27/2026 8:25,504482,130,552586,16373,4841187,742815,476001,38080
D08_P1_AtOa_0_00000_2_50000_T3,D08_P1_AtOa_0_00000_2_50000_T3.D,Sample,,2/27/2026 11:24,908841,204,1011307,16017,4725931,719151,954273,36840
D03_P2_FM_0_05859_0_00000_T0,D03_P2_FM_0_05859_0_00000_T0.D,Sample,,2/28/2026 1:41,848175,5238,943698,12903,4249467,640321,872415,31408
B05_P2_OaC2_3_75000_2_50000_T1,B05_P2_OaC2_3_75000_2_50000_T1.D,Sample,,2/26/2026 1:54,598180,998,641921,12005,3368807,496271,663256,21514
F02_P1_At_0_00000_2_50000_T5,F02_P1_At_0_00000_2_50000_T5.D,Sample,,2/28/2026 17:45,972152,714,1074750,10292,3097130,436066,960510,22922
B09_P2_none_0_00000_0_00000_none,B09_P2_none_0_00000_0_00000_none.D,Sample,,2/26/2026 22:19,973186,384,1093487,5229,1387315,185760,911460,9467
G05_P2_OaC2_3_75000_2_50000_T6,G05_P2_OaC2_3_75000_2_50000_T6.D,Sample,,2/28/2026 22:31,857784,489,947763,3825,1082589,134989,888007,7234
C07_P2_AtOa_3_75000_2_50000_T2,C07_P2_AtOa_3_75000_2_50000_T2.D,Sample,,2/26/2026 13:21,1019182,385,1150345,4287,1041865,136151,999143,6998
B03_P2_FM_0_93750_0_00000_T0,B03_P2_FM_0_93750_0_00000_T0.D,Sample,,2/27/2026 23:17,938285,457,1058337,2013,473263,57614,956345,4020
B02_P2_AtC2_3_75000_2_50000_T1,B02_P2_AtC2_3_75000_2_50000_T1.D,Sample,,2/26/2026 7:14,1045254,723,1182564,1457,292889,35081,962526,2223
C06_P2_FM_0_00000_0_15625_T0,C06_P2_FM_0_00000_0_15625_T0.D,Sample,,2/26/2026 16:21,1089658,220,1230831,1430,276303,33608,1062004,2414
A05_P2_OaC2_3_75000_2_50000_T0,A05_P2_OaC2_3_75000_2_50000_T0.D,Sample,,2/28/2026 8:50,935738,523,1000125,1264,269565,32345,870664,1979
B07_P2_AtOa_3_75000_2_50000_T1,B07_P2_AtOa_3_75000_2_50000_T1.D,Sample,,2/28/2026 20:43,902251,362,990997,1543,257645,30827,861684,2269
B03_P1_FM_0_93750_0_00000_T0,B03_P1_FM_0_93750_0_00000_T0.D,Sample,,2/26/2026 9:13,1065690,521061,1266583,804,124088,16007,998523,1128
A07_P1_AtOa_3_75000_0_00000_T0,A07_P1_AtOa_3_75000_0_00000_T0.D,Sample,,2/25/2026 21:34,,234419,853,87,81616,12408,865685,189
C07_P1_AtOa_3_75000_0_00000_T2,C07_P1_AtOa_3_75000_0_00000_T2.D,Sample,,2/26/2026 7:50,973394,482,1086584,450,70697,9922,861044,658
A03_P1_FM_3_75000_0_00000_T0,A03_P1_FM_3_75000_0_00000_T0.D,Sample,,2/28/2026 18:56,1039783,629,1126267,403,50493,6657,969613,697
C04_P2_Oa_3_75000_2_50000_T2,C04_P2_Oa_3_75000_2_50000_T2.D,Sample,,2/28/2026 10:01,888035,492,970786,299,47003,6808,816610,732
A01_P2_At_3_75000_2_50000_T0,A01_P2_At_3_75000_2_50000_T0.D,Sample,,2/27/2026 12:35,999531,99834,1176109,171,14708,2344,872738,146
E06_P2_FM_0_00000_0_00488_T0,E06_P2_FM_0_00000_0_00488_T0.D,Sample,,2/26/2026 15:46,1150136,430,1285263,54,6937,1183,1024959,51
G03_P2_FM_0_00046_0_00000_T0,G03_P2_FM_0_00046_0_00000_T0.D,Sample,,2/26/2026 21:07,789081,465,909239,43,4142,686,665343,
E06_P1_FM_0_00000_0_00488_T0,E06_P1_FM_0_00000_0_00488_T0.D,Sample,,2/26/2026 6:03,930339,466,1042759,,3549,608,835902,27
H06_P1_FM_0_00000_0_00008_T0,H06_P1_FM_0_00000_0_00008_T0.D,Sample,,2/26/2026 14:32,843790,353,927037,16,2046,93,733411,19
G06_P1_FM_0_00000_0_00031_T0,G06_P1_FM_0_00000_0_00031_T0.D,Sample,,2/26/2026 2:30,905969,97,1014802,32,1913,311,878906,
G03_P1_FM_0_00046_0_00000_T0,G03_P1_FM_0_00046_0_00000_T0.D,Sample,,2/26/2026 10:24,1078104,693,1205542,41,1761,359,969575,
H02_P1_At_0_00000_2_50000_T7,H02_P1_At_0_00000_2_50000_T7.D,Sample,,2/26/2026 18:08,836424,387,939520,,1722,138,705962,35
C05_P2_OaC2_3_75000_2_50000_T2,C05_P2_OaC2_3_75000_2_50000_T2.D,Sample,,2/28/2026 2:17,1024127,1159,1127229,22,1610,309,909020,115
B06_P1_FM_0_00000_0_62500_T0,B06_P1_FM_0_00000_0_62500_T0.D,Sample,,3/1/2026 1:29,1021339,805,1135068,30,1490,265,971640,73
A08_P2_AtOaC2_3_75000_2_50000_T0,A08_P2_AtOaC2_3_75000_2_50000_T0.D,Sample,,2/27/2026 16:09,912734,562,1009738,,1484,304,818835,38
C01_P1_At_3_75000_0_00000_T2,C01_P1_At_3_75000_0_00000_T2.D,Sample,,2/28/2026 11:12,998546,2653,1090281,27,1416,316,908942,95
E07_P1_AtOa_3_75000_0_00000_T4,E07_P1_AtOa_3_75000_0_00000_T4.D,Sample,,2/26/2026 12:46,1035460,429,1172021,16,1354,62,910975,18
C06_P1_FM_0_00000_0_15625_T0,C06_P1_FM_0_00000_0_15625_T0.D,Sample,,2/28/2026 23:42,484693,59538,550322,46,1282,179,462164,48
E04_P1_Oa_3_75000_0_00000_T4,E04_P1_Oa_3_75000_0_00000_T4.D,Sample,,2/28/2026 15:23,91377,582,91121,161,1260,179,38824,43
G06_P2_FM_0_00000_0_00031_T0,G06_P2_FM_0_00000_0_00031_T0.D,Sample,,2/28/2026 6:25,748114,354,829451,,1194,257,628858,26
G01_P1_At_3_75000_0_00000_T6,G01_P1_At_3_75000_0_00000_T6.D,Sample,,2/28/2026 19:31,816208,757,870259,,1040,73,780682,
F07_P1_AtOa_3_75000_0_00000_T5,F07_P1_AtOa_3_75000_0_00000_T5.D,Sample,,2/27/2026 0:05,799955,330,892567,,1010,175,696292,65
A02_P1_At_0_00000_2_50000_T0,A02_P1_At_0_00000_2_50000_T0.D,Sample,,2/27/2026 17:22,825226,425,952849,15,880,69,719137,
G05_P1_Oa_0_00000_2_50000_T6,G05_P1_Oa_0_00000_2_50000_T6.D,Sample,,2/28/2026 3:28,841815,645,920513,16,864,152,777277,31
H08_P2_AtOaC2_3_75000_2_50000_T7,H08_P2_AtOaC2_3_75000_2_50000_T7.D,Sample,,2/25/2026 19:11,71973,251,72267,78,825,104,38599,
B06_P2_FM_0_00000_0_62500_T0,B06_P2_FM_0_00000_0_62500_T0.D,Sample,,2/27/2026 1:16,988317,613,1125085,25,781,57,884990,13
H05_P1_Oa_0_00000_2_50000_T7,H05_P1_Oa_0_00000_2_50000_T7.D,Sample,,2/28/2026 15:58,984075,2195374,1192758,21,681,81,880564,28
E02_P1_At_0_00000_2_50000_T4,E02_P1_At_0_00000_2_50000_T4.D,Sample,,2/27/2026 14:58,1073119,448,1208381,,668,67,939099,72
C02_P1_At_0_00000_2_50000_T2,C02_P1_At_0_00000_2_50000_T2.D,Sample,,2/28/2026 21:18,1008078,614,1108312,34,629,55,925665,12
B01_P1_At_3_75000_0_00000_T1,B01_P1_At_3_75000_0_00000_T1.D,Sample,,2/27/2026 3:40,481797,187,541289,37,621,118,428844,75
D07_P2_AtOa_3_75000_2_50000_T3,D07_P2_AtOa_3_75000_2_50000_T3.D,Sample,,2/28/2026 1:06,1001085,258,1122103,29,602,80,860541,
A03_P2_FM_3_75000_0_00000_T0,A03_P2_FM_3_75000_0_00000_T0.D,Sample,,2/27/2026 22:06,876453,378,991033,17,589,13,836131,17
H04_P1_Oa_3_75000_0_00000_T7,H04_P1_Oa_3_75000_0_00000_T7.D,Sample,,2/26/2026 5:27,1210169,770,1345120,,567,153,1116676,12
D05_P1_Oa_0_00000_2_50000_T3,D05_P1_Oa_0_00000_2_50000_T3.D,Sample,,2/28/2026 13:34,95019,408,94320,,560,21,46794,
C03_P2_FM_0_23438_0_00000_T0,C03_P2_FM_0_23438_0_00000_T0.D,Sample,,2/27/2026 7:14,756483,1606,840825,13,500,8,626773,
D05_P2_OaC2_3_75000_2_50000_T3,D05_P2_OaC2_3_75000_2_50000_T3.D,Sample,,2/25/2026 19:47,968996,993,1060671,18,472,77,933963,19
F05_P1_Oa_0_00000_2_50000_T5,F05_P1_Oa_0_00000_2_50000_T5.D,Sample,,2/27/2026 13:46,859483,1826,958378,35,467,66,832655,
F04_P2_Oa_3_75000_2_50000_T5,F04_P2_Oa_3_75000_2_50000_T5.D,Sample,,2/26/2026 8:37,947722,678,1058857,45,461,8,903396,46
G07_P1_AtOa_3_75000_0_00000_T6,G07_P1_AtOa_3_75000_0_00000_T6.D,Sample,,2/27/2026 20:19,512978,193280,629497,7,401,18,402242,17
G04_P1_Oa_3_75000_0_00000_T6,G04_P1_Oa_3_75000_0_00000_T6.D,Sample,,2/27/2026 18:33,190348,174,198651,,398,62,109365,79
C03_P1_FM_0_23438_0_00000_T0,C03_P1_FM_0_23438_0_00000_T0.D,Sample,,2/27/2026 15:33,1012787,536,1133810,,380,7,896992,27
H07_P2_AtOa_3_75000_2_50000_T7,H07_P2_AtOa_3_75000_2_50000_T7.D,Sample,,2/26/2026 10:59,1095211,335,1199343,46,371,44,1056445,33
H04_P2_Oa_3_75000_2_50000_T7,H04_P2_Oa_3_75000_2_50000_T7.D,Sample,,2/25/2026 20:22,1000468,262,1106293,28,364,70,914107,60
E02_P2_AtC2_3_75000_2_50000_T4,E02_P2_AtC2_3_75000_2_50000_T4.D,Sample,,2/25/2026 23:20,919123,1103,941622,22,348,,1044004,43
E01_P1_At_3_75000_0_00000_T4,E01_P1_At_3_75000_0_00000_T4.D,Sample,,2/28/2026 12:23,646281,398,704375,7,340,102,573391,55
H03_P1_FM_0_00011_0_00000_T0,H03_P1_FM_0_00011_0_00000_T0.D,Sample,,3/1/2026 0:18,3223,248,1564,17,334,20,14,63
G04_P2_Oa_3_75000_2_50000_T6,G04_P2_Oa_3_75000_2_50000_T6.D,Sample,,2/28/2026 11:47,122168,286,125663,23,328,60,61730,33
D02_P2_AtC2_3_75000_2_50000_T3,D02_P2_AtC2_3_75000_2_50000_T3.D,Sample,,2/27/2026 4:16,821280,84603,974734,44,318,14,712631,56
D04_P1_Oa_3_75000_0_00000_T3,D04_P1_Oa_3_75000_0_00000_T3.D,Sample,,2/26/2026 16:57,1247377,679,1418066,13,316,12,1150950,27
E05_P2_OaC2_3_75000_2_50000_T4,E05_P2_OaC2_3_75000_2_50000_T4.D,Sample,,2/27/2026 16:44,885017,421,1013041,25,316,,736864,
G07_P2_AtOa_3_75000_2_50000_T6,G07_P2_AtOa_3_75000_2_50000_T6.D,Sample,,2/25/2026 20:58,942280,370,1032611,6,315,54,872449,
A08_P1_AtOa_0_00000_2_50000_T0,A08_P1_AtOa_0_00000_2_50000_T0.D,Sample,,2/27/2026 1:52,1032439,212,1139872,,284,10,914476,66
C04_P1_Oa_3_75000_0_00000_T2,C04_P1_Oa_3_75000_0_00000_T2.D,Sample,,2/26/2026 20:30,818308,336,907269,16,281,46,796826,
D03_P1_FM_0_05859_0_00000_T0,D03_P1_FM_0_05859_0_00000_T0.D,Sample,,2/27/2026 23:55,700766,276,761943,,274,20,610176,60
D06_P2_FM_0_00000_0_03906_T0,D06_P2_FM_0_00000_0_03906_T0.D,Sample,,2/28/2026 21:56,5088,126,4390,46,261,24,83,67
C02_P2_AtC2_3_75000_2_50000_T2,C02_P2_AtC2_3_75000_2_50000_T2.D,Sample,,2/26/2026 11:35,1092273,351,1229050,22,246,14,939159,
H01_P2_At_3_75000_2_50000_T7,H01_P2_At_3_75000_2_50000_T7.D,Sample,,2/27/2026 22:41,884704,12446,1020742,62,222,16,707520,62
F03_P2_FM_0_00183_0_00000_T0,F03_P2_FM_0_00183_0_00000_T0.D,Sample,,2/26/2026 3:41,829211,920,936016,12,220,8,690598,25
A06_P2_FM_0_00000_2_50000_T0,A06_P2_FM_0_00000_2_50000_T0.D,Sample,,2/27/2026 20:55,1052874,18852,1216301,24,219,11,936952,
D02_P1_At_0_00000_2_50000_T3,D02_P1_At_0_00000_2_50000_T3.D,Sample,,2/28/2026 7:39,127424,400,131082,38,213,41,59082,47
B05_P1_Oa_0_00000_2_50000_T1,B05_P1_Oa_0_00000_2_50000_T1.D,Sample,,2/27/2026 2:27,848669,359,975251,,195,20,674020,57
B07_P1_AtOa_3_75000_0_00000_T1,B07_P1_AtOa_3_75000_0_00000_T1.D,Sample,,2/27/2026 19:08,869262,1567747,1056273,8,170,34,700296,
E07_P2_AtOa_3_75000_2_50000_T4,E07_P2_AtOa_3_75000_2_50000_T4.D,Sample,,2/26/2026 18:43,943854,131,1051685,,133,31,835267,50
A09_P1_none_0_00000_0_00000_none,A09_P1_none_0_00000_0_00000_none.D,Sample,,2/26/2026 19:19,2899,164,2093,19,126,17,48,18
B04_P1_Oa_3_75000_0_00000_T1,B04_P1_Oa_3_75000_0_00000_T1.D,Sample,,2/26/2026 0:31,986105,446787,1152995,66,120,6,947845,
C09_P2_none_0_00000_0_00000_none,C09_P2_none_0_00000_0_00000_none.D,Sample,,2/26/2026 3:05,1056,425,1229,6,117,14,13,24
A04_P1_Oa_3_75000_0_00000_T0,A04_P1_Oa_3_75000_0_00000_T0.D,Sample,,2/26/2026 13:57,1057333,2426683,1264774,23,112,25,971960,
C08_P1_AtOa_0_00000_2_50000_T2,C08_P1_AtOa_0_00000_2_50000_T2.D,Sample,,2/26/2026 19:54,1514,39,1226,,83,,12,26
B09_P1_none_0_00000_0_00000_none,B09_P1_none_0_00000_0_00000_none.D,Sample,,2/25/2026 23:56,2234,541,1741,40,60,,41,58
G08_P2_AtOaC2_3_75000_2_50000_T6,G08_P2_AtOaC2_3_75000_2_50000_T6.D,Sample,,2/25/2026 22:45,259,57,170,112,12,8,16,94
H06_P2_FM_0_00000_0_00008_T0,H06_P2_FM_0_00000_0_00008_T0.D,Sample,,2/25/2026 22:09,83,59,96,182,12,11,31,
