,Data File,Type,Level,Acq. Date-Time,Norvaline Results,Succinate Results,Norleucine Results,Ribose Results,Glucose_1 Results,Glucose_2 Results,Sorbitol Results,Sugar Results
B08_P1_AtOa_0_00000_2_50000_T1,B08_P1_AtOa_0_00000_2_50000_T1.D,Sample,,2/25/2026 18:00,338461.0,867,292549,23438.0,6593428,1082548.0,496753,21477.0
A02_P2_AtC2_3_75000_2_50000_T0,A02_P2_AtC2_3_75000_2_50000_T0.D,Sample,,2/25/2026 18:36,937335.0,703,999793,42791.0,19505214,4045198.0,1035540,103705.0
H08_P2_AtOaC2_3_75000_2_50000_T7,H08_P2_AtOaC2_3_75000_2_50000_T7.D,Sample,,2/25/2026 19:11,71973.0,251,72267,78.0,825,104.0,38599,
D05_P2_OaC2_3_75000_2_50000_T3,D05_P2_OaC2_3_75000_2_50000_T3.D,Sample,,2/25/2026 19:47,968996.0,993,1060671,18.0,472,77.0,933963,19.0
H04_P2_Oa_3_75000_2_50000_T7,H04_P2_Oa_3_75000_2_50000_T7.D,Sample,,2/25/2026 20:22,1000468.0,262,1106293,28.0,364,70.0,914107,60.0
G07_P2_AtOa_3_75000_2_50000_T6,G07_P2_AtOa_3_75000_2_50000_T6.D,Sample,,2/25/2026 20:58,942280.0,370,1032611,6.0,315,54.0,872449,
A07_P1_AtOa_3_75000_0_00000_T0,A07_P1_AtOa_3_75000_0_00000_T0.D,Sample,,2/25/2026 21:34,,234419,853,87.0,81616,12408.0,865685,189.0
H06_P2_FM_0_00000_0_00008_T0,H06_P2_FM_0_00000_0_00008_T0.D,Sample,,2/25/2026 22:09,83.0,59,96,182.0,12,11.0,31,
G08_P2_AtOaC2_3_75000_2_50000_T6,G08_P2_AtOaC2_3_75000_2_50000_T6.D,Sample,,2/25/2026 22:45,259.0,57,170,112.0,12,8.0,16,94.0
E02_P2_AtC2_3_75000_2_50000_T4,E02_P2_AtC2_3_75000_2_50000_T4.D,Sample,,2/25/2026 23:20,919123.0,1103,941622,22.0,348,,1044004,43.0
B09_P1_none_0_00000_0_00000_none,B09_P1_none_0_00000_0_00000_none.D,Sample,,2/25/2026 23:56,2234.0,541,1741,40.0,60,,41,58.0
B04_P1_Oa_3_75000_0_00000_T1,B04_P1_Oa_3_75000_0_00000_T1.D,Sample,,2/26/2026 0:31,986105.0,446787,1152995,66.0,120,6.0,947845,
E04_P2_Oa_3_75000_2_50000_T4,E04_P2_Oa_3_75000_2_50000_T4.D,Sample,,2/26/2026 1:19,790766.0,975338,929545,23492.0,5831212,919980.0,864758,43476.0
B05_P2_OaC2_3_75000_2_50000_T1,B05_P2_OaC2_3_75000_2_50000_T1.D,Sample,,2/26/2026 1:54,598180.0,998,641921,12005.0,3368807,496271.0,663256,21514.0
G06_P1_FM_0_00000_0_00031_T0,G06_P1_FM_0_00000_0_00031_T0.D,Sample,,2/26/2026 2:30,905969.0,97,1014802,32.0,1913,311.0,878906,
C09_P2_none_0_00000_0_00000_none,C09_P2_none_0_00000_0_00000_none.D,Sample,,2/26/2026 3:05,1056.0,425,1229,6.0,117,14.0,13,24.0
F03_P2_FM_0_00183_0_00000_T0,F03_P2_FM_0_00183_0_00000_T0.D,Sample,,2/26/2026 3:41,829211.0,920,936016,12.0,220,8.0,690598,25.0
A04_P2_Oa_3_75000_2_50000_T0,A04_P2_Oa_3_75000_2_50000_T0.D,Sample,,2/26/2026 4:16,1043744.0,2206908,1281397,22684.0,7333558,1202616.0,1099540,52368.0
A07_P2_AtOa_3_75000_2_50000_T0,A07_P2_AtOa_3_75000_2_50000_T0.D,Sample,,2/26/2026 4:52,999573.0,2272151,1237921,27934.0,7655636,1262991.0,1116501,66450.0
H04_P1_Oa_3_75000_0_00000_T7,H04_P1_Oa_3_75000_0_00000_T7.D,Sample,,2/26/2026 5:27,1210169.0,770,1345120,,567,153.0,1116676,12.0
E06_P1_FM_0_00000_0_00488_T0,E06_P1_FM_0_00000_0_00488_T0.D,Sample,,2/26/2026 6:03,930339.0,466,1042759,,3549,608.0,835902,27.0
D01_P2_At_3_75000_2_50000_T3,D01_P2_At_3_75000_2_50000_T3.D,Sample,,2/26/2026 6:39,977722.0,606,1105443,22337.0,6610064,1074509.0,991671,50758.0
B02_P2_AtC2_3_75000_2_50000_T1,B02_P2_AtC2_3_75000_2_50000_T1.D,Sample,,2/26/2026 7:14,1045254.0,723,1182564,1457.0,292889,35081.0,962526,2223.0
C07_P1_AtOa_3_75000_0_00000_T2,C07_P1_AtOa_3_75000_0_00000_T2.D,Sample,,2/26/2026 7:50,973394.0,482,1086584,450.0,70697,9922.0,861044,658.0
F04_P2_Oa_3_75000_2_50000_T5,F04_P2_Oa_3_75000_2_50000_T5.D,Sample,,2/26/2026 8:37,947722.0,678,1058857,45.0,461,8.0,903396,46.0
B03_P1_FM_0_93750_0_00000_T0,B03_P1_FM_0_93750_0_00000_T0.D,Sample,,2/26/2026 9:13,1065690.0,521061,1266583,804.0,124088,16007.0,998523,1128.0
D01_P1_At_3_75000_0_00000_T3,D01_P1_At_3_75000_0_00000_T3.D,Sample,,2/26/2026 9:48,1005542.0,497,1118170,57183.0,13789158,2571546.0,1050595,164600.0
G03_P1_FM_0_00046_0_00000_T0,G03_P1_FM_0_00046_0_00000_T0.D,Sample,,2/26/2026 10:24,1078104.0,693,1205542,41.0,1761,359.0,969575,
H07_P2_AtOa_3_75000_2_50000_T7,H07_P2_AtOa_3_75000_2_50000_T7.D,Sample,,2/26/2026 10:59,1095211.0,335,1199343,46.0,371,44.0,1056445,33.0
C02_P2_AtC2_3_75000_2_50000_T2,C02_P2_AtC2_3_75000_2_50000_T2.D,Sample,,2/26/2026 11:35,1092273.0,351,1229050,22.0,246,14.0,939159,
G02_P1_At_0_00000_2_50000_T6,G02_P1_At_0_00000_2_50000_T6.D,Sample,,2/26/2026 12:10,1005219.0,641,1112486,118226.0,21973311,4755886.0,1063062,396520.0
E07_P1_AtOa_3_75000_0_00000_T4,E07_P1_AtOa_3_75000_0_00000_T4.D,Sample,,2/26/2026 12:46,1035460.0,429,1172021,16.0,1354,62.0,910975,18.0
C07_P2_AtOa_3_75000_2_50000_T2,C07_P2_AtOa_3_75000_2_50000_T2.D,Sample,,2/26/2026 13:21,1019182.0,385,1150345,4287.0,1041865,136151.0,999143,6998.0
A04_P1_Oa_3_75000_0_00000_T0,A04_P1_Oa_3_75000_0_00000_T0.D,Sample,,2/26/2026 13:57,1057333.0,2426683,1264774,23.0,112,25.0,971960,
H06_P1_FM_0_00000_0_00008_T0,H06_P1_FM_0_00000_0_00008_T0.D,Sample,,2/26/2026 14:32,843790.0,353,927037,16.0,2046,93.0,733411,19.0
A06_P1_FM_0_00000_2_50000_T0,A06_P1_FM_0_00000_2_50000_T0.D,Sample,,2/26/2026 15:08,1023386.0,285,1152257,28574.0,7518094,1241885.0,1034509,67400.0
E06_P2_FM_0_00000_0_00488_T0,E06_P2_FM_0_00000_0_00488_T0.D,Sample,,2/26/2026 15:46,1150136.0,430,1285263,54.0,6937,1183.0,1024959,51.0
C06_P2_FM_0_00000_0_15625_T0,C06_P2_FM_0_00000_0_15625_T0.D,Sample,,2/26/2026 16:21,1089658.0,220,1230831,1430.0,276303,33608.0,1062004,2414.0
D04_P1_Oa_3_75000_0_00000_T3,D04_P1_Oa_3_75000_0_00000_T3.D,Sample,,2/26/2026 16:57,1247377.0,679,1418066,13.0,316,12.0,1150950,27.0
F01_P2_At_3_75000_2_50000_T5,F01_P2_At_3_75000_2_50000_T5.D,Sample,,2/26/2026 17:32,1016022.0,1164,1119348,23506.0,7073491,1154765.0,1026260,58687.0
H02_P1_At_0_00000_2_50000_T7,H02_P1_At_0_00000_2_50000_T7.D,Sample,,2/26/2026 18:08,836424.0,387,939520,,1722,138.0,705962,35.0
E07_P2_AtOa_3_75000_2_50000_T4,E07_P2_AtOa_3_75000_2_50000_T4.D,Sample,,2/26/2026 18:43,943854.0,131,1051685,,133,31.0,835267,50.0
A09_P1_none_0_00000_0_00000_none,A09_P1_none_0_00000_0_00000_none.D,Sample,,2/26/2026 19:19,2899.0,164,2093,19.0,126,17.0,48,18.0
C08_P1_AtOa_0_00000_2_50000_T2,C08_P1_AtOa_0_00000_2_50000_T2.D,Sample,,2/26/2026 19:54,1514.0,39,1226,,83,,12,26.0
C04_P1_Oa_3_75000_0_00000_T2,C04_P1_Oa_3_75000_0_00000_T2.D,Sample,,2/26/2026 20:30,818308.0,336,907269,16.0,281,46.0,796826,
G03_P2_FM_0_00046_0_00000_T0,G03_P2_FM_0_00046_0_00000_T0.D,Sample,,2/26/2026 21:07,789081.0,465,909239,43.0,4142,686.0,665343,
F07_P2_AtOa_3_75000_2_50000_T5,F07_P2_AtOa_3_75000_2_50000_T5.D,Sample,,2/26/2026 21:43,917383.0,572,1025965,17560.0,6169685,997877.0,927311,41956.0
B09_P2_none_0_00000_0_00000_none,B09_P2_none_0_00000_0_00000_none.D,Sample,,2/26/2026 22:19,973186.0,384,1093487,5229.0,1387315,185760.0,911460,9467.0
A09_P2_none_0_00000_0_00000_none,A09_P2_none_0_00000_0_00000_none.D,Sample,,2/26/2026 22:54,405685.0,300,432643,18923.0,5678372,892712.0,413476,43514.0
H05_P2_OaC2_3_75000_2_50000_T7,H05_P2_OaC2_3_75000_2_50000_T7.D,Sample,,2/26/2026 23:30,969638.0,284,1091841,22828.0,6707552,1082131.0,968111,54355.0
F07_P1_AtOa_3_75000_0_00000_T5,F07_P1_AtOa_3_75000_0_00000_T5.D,Sample,,2/27/2026 0:05,799955.0,330,892567,,1010,175.0,696292,65.0
C01_P2_At_3_75000_2_50000_T2,C01_P2_At_3_75000_2_50000_T2.D,Sample,,2/27/2026 0:41,1024194.0,343,1155177,49610.0,13528851,2493098.0,1012613,159255.0
B06_P2_FM_0_00000_0_62500_T0,B06_P2_FM_0_00000_0_62500_T0.D,Sample,,2/27/2026 1:16,988317.0,613,1125085,25.0,781,57.0,884990,13.0
A08_P1_AtOa_0_00000_2_50000_T0,A08_P1_AtOa_0_00000_2_50000_T0.D,Sample,,2/27/2026 1:52,1032439.0,212,1139872,,284,10.0,914476,66.0
B05_P1_Oa_0_00000_2_50000_T1,B05_P1_Oa_0_00000_2_50000_T1.D,Sample,,2/27/2026 2:27,848669.0,359,975251,,195,20.0,674020,57.0
F06_P1_FM_0_00000_0_00122_T0,F06_P1_FM_0_00000_0_00122_T0.D,Sample,,2/27/2026 3:05,1034950.0,472,1164830,26148.0,7714549,1286091.0,1057609,73551.0
B01_P1_At_3_75000_0_00000_T1,B01_P1_At_3_75000_0_00000_T1.D,Sample,,2/27/2026 3:40,481797.0,187,541289,37.0,621,118.0,428844,75.0
D02_P2_AtC2_3_75000_2_50000_T3,D02_P2_AtC2_3_75000_2_50000_T3.D,Sample,,2/27/2026 4:16,821280.0,84603,974734,44.0,318,14.0,712631,56.0
G02_P2_AtC2_3_75000_2_50000_T6,G02_P2_AtC2_3_75000_2_50000_T6.D,Sample,,2/27/2026 4:51,929868.0,371,1050181,46533.0,13348765,2473297.0,914122,149549.0
D07_P1_AtOa_3_75000_0_00000_T3,D07_P1_AtOa_3_75000_0_00000_T3.D,Sample,,2/27/2026 5:27,1018718.0,500,1149900,23289.0,6616769,1056196.0,1031372,53740.0
E05_P1_Oa_0_00000_2_50000_T4,E05_P1_Oa_0_00000_2_50000_T4.D,Sample,,2/27/2026 6:02,878609.0,301,983087,19542.0,5969217,943705.0,889859,46468.0
F04_P1_Oa_3_75000_0_00000_T5,F04_P1_Oa_3_75000_0_00000_T5.D,Sample,,2/27/2026 6:38,927409.0,323,1021740,20625.0,5995680,944419.0,935269,49979.0
C03_P2_FM_0_23438_0_00000_T0,C03_P2_FM_0_23438_0_00000_T0.D,Sample,,2/27/2026 7:14,756483.0,1606,840825,13.0,500,8.0,626773,
A01_P1_At_3_75000_0_00000_T0,A01_P1_At_3_75000_0_00000_T0.D,Sample,,2/27/2026 7:49,906136.0,379,1010214,17290.0,5809945,923492.0,899886,42674.0
C05_P1_Oa_0_00000_2_50000_T2,C05_P1_Oa_0_00000_2_50000_T2.D,Sample,,2/27/2026 8:25,504482.0,130,552586,16373.0,4841187,742815.0,476001,38080.0
E01_P2_At_3_75000_2_50000_T4,E01_P2_At_3_75000_2_50000_T4.D,Sample,,2/27/2026 9:00,1015495.0,496,1138214,42199.0,12269683,2204761.0,1050687,131762.0
G08_P1_AtOa_0_00000_2_50000_T6,G08_P1_AtOa_0_00000_2_50000_T6.D,Sample,,2/27/2026 9:36,1066901.0,264,1199407,82428.0,20666197,4359373.0,1092974,305690.0
E03_P2_FM_0_00732_0_00000_T0,E03_P2_FM_0_00732_0_00000_T0.D,Sample,,2/27/2026 10:13,799184.0,1353661,1008843,18397.0,5888418,933798.0,822956,47066.0
B01_P2_At_3_75000_2_50000_T1,B01_P2_At_3_75000_2_50000_T1.D,Sample,,2/27/2026 10:49,1003940.0,1282,1124533,23706.0,6977370,1126597.0,1039897,60457.0
D08_P1_AtOa_0_00000_2_50000_T3,D08_P1_AtOa_0_00000_2_50000_T3.D,Sample,,2/27/2026 11:24,908841.0,204,1011307,16017.0,4725931,719151.0,954273,36840.0
H01_P1_At_3_75000_0_00000_T7,H01_P1_At_3_75000_0_00000_T7.D,Sample,,2/27/2026 12:00,973581.0,619,1071041,92474.0,20042839,4122440.0,1019859,342398.0
A01_P2_At_3_75000_2_50000_T0,A01_P2_At_3_75000_2_50000_T0.D,Sample,,2/27/2026 12:35,999531.0,99834,1176109,171.0,14708,2344.0,872738,146.0
B04_P2_Oa_3_75000_2_50000_T1,B04_P2_Oa_3_75000_2_50000_T1.D,Sample,,2/27/2026 13:11,118507.0,2157097,163261,22055.0,6940654,1126446.0,88009,60176.0
F05_P1_Oa_0_00000_2_50000_T5,F05_P1_Oa_0_00000_2_50000_T5.D,Sample,,2/27/2026 13:46,859483.0,1826,958378,35.0,467,66.0,832655,
H08_P1_AtOa_0_00000_2_50000_T7,H08_P1_AtOa_0_00000_2_50000_T7.D,Sample,,2/27/2026 14:22,962891.0,798,1083192,23680.0,7173756,1171061.0,1018646,59767.0
E02_P1_At_0_00000_2_50000_T4,E02_P1_At_0_00000_2_50000_T4.D,Sample,,2/27/2026 14:58,1073119.0,448,1208381,,668,67.0,939099,72.0
C03_P1_FM_0_23438_0_00000_T0,C03_P1_FM_0_23438_0_00000_T0.D,Sample,,2/27/2026 15:33,1012787.0,536,1133810,,380,7.0,896992,27.0
A08_P2_AtOaC2_3_75000_2_50000_T0,A08_P2_AtOaC2_3_75000_2_50000_T0.D,Sample,,2/27/2026 16:09,912734.0,562,1009738,,1484,304.0,818835,38.0
E05_P2_OaC2_3_75000_2_50000_T4,E05_P2_OaC2_3_75000_2_50000_T4.D,Sample,,2/27/2026 16:44,885017.0,421,1013041,25.0,316,,736864,
A02_P1_At_0_00000_2_50000_T0,A02_P1_At_0_00000_2_50000_T0.D,Sample,,2/27/2026 17:22,825226.0,425,952849,15.0,880,69.0,719137,
F02_P2_AtC2_3_75000_2_50000_T5,F02_P2_AtC2_3_75000_2_50000_T5.D,Sample,,2/27/2026 17:57,740062.0,461,821034,16754.0,5310886,826921.0,776098,40595.0
G04_P1_Oa_3_75000_0_00000_T6,G04_P1_Oa_3_75000_0_00000_T6.D,Sample,,2/27/2026 18:33,190348.0,174,198651,,398,62.0,109365,79.0
B07_P1_AtOa_3_75000_0_00000_T1,B07_P1_AtOa_3_75000_0_00000_T1.D,Sample,,2/27/2026 19:08,869262.0,1567747,1056273,8.0,170,34.0,700296,
H07_P1_AtOa_3_75000_0_00000_T7,H07_P1_AtOa_3_75000_0_00000_T7.D,Sample,,2/27/2026 19:44,963954.0,1272,1075007,22602.0,7242370,1178855.0,979241,59118.0
G07_P1_AtOa_3_75000_0_00000_T6,G07_P1_AtOa_3_75000_0_00000_T6.D,Sample,,2/27/2026 20:19,512978.0,193280,629497,7.0,401,18.0,402242,17.0
A06_P2_FM_0_00000_2_50000_T0,A06_P2_FM_0_00000_2_50000_T0.D,Sample,,2/27/2026 20:55,1052874.0,18852,1216301,24.0,219,11.0,936952,
C08_P2_AtOaC2_3_75000_2_50000_T2,C08_P2_AtOaC2_3_75000_2_50000_T2.D,Sample,,2/27/2026 21:30,668953.0,325,731199,20879.0,6396685,1014407.0,700163,55042.0
A03_P2_FM_3_75000_0_00000_T0,A03_P2_FM_3_75000_0_00000_T0.D,Sample,,2/27/2026 22:06,876453.0,378,991033,17.0,589,13.0,836131,17.0
H01_P2_At_3_75000_2_50000_T7,H01_P2_At_3_75000_2_50000_T7.D,Sample,,2/27/2026 22:41,884704.0,12446,1020742,62.0,222,16.0,707520,62.0
B03_P2_FM_0_93750_0_00000_T0,B03_P2_FM_0_93750_0_00000_T0.D,Sample,,2/27/2026 23:17,938285.0,457,1058337,2013.0,473263,57614.0,956345,4020.0
D03_P1_FM_0_05859_0_00000_T0,D03_P1_FM_0_05859_0_00000_T0.D,Sample,,2/27/2026 23:55,700766.0,276,761943,,274,20.0,610176,60.0
E08_P1_AtOa_0_00000_2_50000_T4,E08_P1_AtOa_0_00000_2_50000_T4.D,Sample,,2/28/2026 0:30,1018423.0,374,1139656,22579.0,7016511,1113241.0,1059032,60101.0
D07_P2_AtOa_3_75000_2_50000_T3,D07_P2_AtOa_3_75000_2_50000_T3.D,Sample,,2/28/2026 1:06,1001085.0,258,1122103,29.0,602,80.0,860541,
D03_P2_FM_0_05859_0_00000_T0,D03_P2_FM_0_05859_0_00000_T0.D,Sample,,2/28/2026 1:41,848175.0,5238,943698,12903.0,4249467,640321.0,872415,31408.0
C05_P2_OaC2_3_75000_2_50000_T2,C05_P2_OaC2_3_75000_2_50000_T2.D,Sample,,2/28/2026 2:17,1024127.0,1159,1127229,22.0,1610,309.0,909020,115.0
H03_P2_FM_0_00011_0_00000_T0,H03_P2_FM_0_00011_0_00000_T0.D,Sample,,2/28/2026 2:52,810550.0,935107,1000324,15575.0,5016117,774185.0,863366,38122.0
G05_P1_Oa_0_00000_2_50000_T6,G05_P1_Oa_0_00000_2_50000_T6.D,Sample,,2/28/2026 3:28,841815.0,645,920513,16.0,864,152.0,777277,31.0
H02_P2_AtC2_3_75000_2_50000_T7,H02_P2_AtC2_3_75000_2_50000_T7.D,Sample,,2/28/2026 4:03,760953.0,218,835796,33719.0,10442519,1798285.0,760447,102696.0
F05_P2_OaC2_3_75000_2_50000_T5,F05_P2_OaC2_3_75000_2_50000_T5.D,Sample,,2/28/2026 4:39,1014295.0,793,1121847,93371.0,20921472,4389786.0,1096285,354396.0
F03_P1_FM_0_00183_0_00000_T0,F03_P1_FM_0_00183_0_00000_T0.D,Sample,,2/28/2026 5:14,898973.0,332,998944,18440.0,6197750,981663.0,931982,47268.0
D04_P2_Oa_3_75000_2_50000_T3,D04_P2_Oa_3_75000_2_50000_T3.D,Sample,,2/28/2026 5:50,861105.0,1844696,1070161,20298.0,6535355,1039254.0,952115,50643.0
G06_P2_FM_0_00000_0_00031_T0,G06_P2_FM_0_00000_0_00031_T0.D,Sample,,2/28/2026 6:25,748114.0,354,829451,,1194,257.0,628858,26.0
F01_P1_At_3_75000_0_00000_T5,F01_P1_At_3_75000_0_00000_T5.D,Sample,,2/28/2026 7:01,890141.0,1517873,1130689,18304.0,6732768,1075748.0,995543,49457.0
D02_P1_At_0_00000_2_50000_T3,D02_P1_At_0_00000_2_50000_T3.D,Sample,,2/28/2026 7:39,127424.0,400,131082,38.0,213,41.0,59082,47.0
G01_P2_At_3_75000_2_50000_T6,G01_P2_At_3_75000_2_50000_T6.D,Sample,,2/28/2026 8:14,859387.0,579,944432,37078.0,11267236,1971847.0,876842,106651.0
A05_P2_OaC2_3_75000_2_50000_T0,A05_P2_OaC2_3_75000_2_50000_T0.D,Sample,,2/28/2026 8:50,935738.0,523,1000125,1264.0,269565,32345.0,870664,1979.0
F06_P2_FM_0_00000_0_00122_T0,F06_P2_FM_0_00000_0_00122_T0.D,Sample,,2/28/2026 9:25,1063891.0,536,1166364,50590.0,14108622,2600583.0,1104629,162469.0
C04_P2_Oa_3_75000_2_50000_T2,C04_P2_Oa_3_75000_2_50000_T2.D,Sample,,2/28/2026 10:01,888035.0,492,970786,299.0,47003,6808.0,816610,732.0
E08_P2_AtOaC2_3_75000_2_50000_T4,E08_P2_AtOaC2_3_75000_2_50000_T4.D,Sample,,2/28/2026 10:36,963417.0,502,1049191,24350.0,7257759,1163574.0,1030654,61087.0
C01_P1_At_3_75000_0_00000_T2,C01_P1_At_3_75000_0_00000_T2.D,Sample,,2/28/2026 11:12,998546.0,2653,1090281,27.0,1416,316.0,908942,95.0
G04_P2_Oa_3_75000_2_50000_T6,G04_P2_Oa_3_75000_2_50000_T6.D,Sample,,2/28/2026 11:47,122168.0,286,125663,23.0,328,60.0,61730,33.0
E01_P1_At_3_75000_0_00000_T4,E01_P1_At_3_75000_0_00000_T4.D,Sample,,2/28/2026 12:23,646281.0,398,704375,7.0,340,102.0,573391,55.0
D06_P1_FM_0_00000_0_03906_T0,D06_P1_FM_0_00000_0_03906_T0.D,Sample,,2/28/2026 12:58,997484.0,251,1095170,21537.0,6694719,1061926.0,1056628,52275.0
D05_P1_Oa_0_00000_2_50000_T3,D05_P1_Oa_0_00000_2_50000_T3.D,Sample,,2/28/2026 13:34,95019.0,408,94320,,560,21.0,46794,
E03_P1_FM_0_00732_0_00000_T0,E03_P1_FM_0_00732_0_00000_T0.D,Sample,,2/28/2026 14:09,1084129.0,451,1183395,28687.0,8551000,1417042.0,1165257,71686.0
F08_P2_AtOaC2_3_75000_2_50000_T5,F08_P2_AtOaC2_3_75000_2_50000_T5.D,Sample,,2/28/2026 14:47,1007263.0,603,1114086,101918.0,20575975,4340588.0,1077915,385217.0
E04_P1_Oa_3_75000_0_00000_T4,E04_P1_Oa_3_75000_0_00000_T4.D,Sample,,2/28/2026 15:23,91377.0,582,91121,161.0,1260,179.0,38824,43.0
H05_P1_Oa_0_00000_2_50000_T7,H05_P1_Oa_0_00000_2_50000_T7.D,Sample,,2/28/2026 15:58,984075.0,2195374,1192758,21.0,681,81.0,880564,28.0
B08_P2_AtOaC2_3_75000_2_50000_T1,B08_P2_AtOaC2_3_75000_2_50000_T1.D,Sample,,2/28/2026 16:34,1054080.0,1226,1171980,46973.0,13469396,2458315.0,1143610,149092.0
A05_P1_Oa_0_00000_2_50000_T0,A05_P1_Oa_0_00000_2_50000_T0.D,Sample,,2/28/2026 17:09,1019865.0,772,1133739,91965.0,20224730,4238647.0,1107363,336915.0
F02_P1_At_0_00000_2_50000_T5,F02_P1_At_0_00000_2_50000_T5.D,Sample,,2/28/2026 17:45,972152.0,714,1074750,10292.0,3097130,436066.0,960510,22922.0
D08_P2_AtOaC2_3_75000_2_50000_T3,D08_P2_AtOaC2_3_75000_2_50000_T3.D,Sample,,2/28/2026 18:20,822737.0,587,921218,79628.0,19353269,3948789.0,912932,301445.0
A03_P1_FM_3_75000_0_00000_T0,A03_P1_FM_3_75000_0_00000_T0.D,Sample,,2/28/2026 18:56,1039783.0,629,1126267,403.0,50493,6657.0,969613,697.0
G01_P1_At_3_75000_0_00000_T6,G01_P1_At_3_75000_0_00000_T6.D,Sample,,2/28/2026 19:31,816208.0,757,870259,,1040,73.0,780682,
B02_P1_At_0_00000_2_50000_T1,B02_P1_At_0_00000_2_50000_T1.D,Sample,,2/28/2026 20:07,737451.0,511,793002,23193.0,6794871,1072100.0,838696,56810.0
B07_P2_AtOa_3_75000_2_50000_T1,B07_P2_AtOa_3_75000_2_50000_T1.D,Sample,,2/28/2026 20:43,902251.0,362,990997,1543.0,257645,30827.0,861684,2269.0
C02_P1_At_0_00000_2_50000_T2,C02_P1_At_0_00000_2_50000_T2.D,Sample,,2/28/2026 21:18,1008078.0,614,1108312,34.0,629,55.0,925665,12.0
D06_P2_FM_0_00000_0_03906_T0,D06_P2_FM_0_00000_0_03906_T0.D,Sample,,2/28/2026 21:56,5088.0,126,4390,46.0,261,24.0,83,67.0
G05_P2_OaC2_3_75000_2_50000_T6,G05_P2_OaC2_3_75000_2_50000_T6.D,Sample,,2/28/2026 22:31,857784.0,489,947763,3825.0,1082589,134989.0,888007,7234.0
F08_P1_AtOa_0_00000_2_50000_T5,F08_P1_AtOa_0_00000_2_50000_T5.D,Sample,,2/28/2026 23:07,956940.0,523,1035606,94092.0,21229368,4476527.0,1100937,370252.0
C06_P1_FM_0_00000_0_15625_T0,C06_P1_FM_0_00000_0_15625_T0.D,Sample,,2/28/2026 23:42,484693.0,59538,550322,46.0,1282,179.0,462164,48.0
H03_P1_FM_0_00011_0_00000_T0,H03_P1_FM_0_00011_0_00000_T0.D,Sample,,3/1/2026 0:18,3223.0,248,1564,17.0,334,20.0,14,63.0
C09_P1_none_0_00000_0_00000_none,C09_P1_none_0_00000_0_00000_none.D,Sample,,3/1/2026 0:53,487435.0,566,518440,19837.0,6000419,936257.0,529983,45507.0
B06_P1_FM_0_00000_0_62500_T0,B06_P1_FM_0_00000_0_62500_T0.D,Sample,,3/1/2026 1:29,1021339.0,805,1135068,30.0,1490,265.0,971640,73.0
