in,id,sample_name,fname,norvaline_area,succinate_area,norleucine_area,glucose1_area,glucose2_area,sorbitol_area,glucose_area,glucose_area_normalized,succinate_area_normalized,plate,well,row,col,glucose_ratio,succinate_ratio,exp_glucose,exp_succinate,is_blankcol,thr_glucose,thr_succinate,glucose_present,succinate_present,mixup_flag,reasons
1,P1B08,B08_P1_AtOa_0.00000_2.50000_T1,B08_P1_AtOa_0_00000_2_50000_T1.D,339391.0,843.0,292636.0,6593428,1082548.0,496753,7675976.0,22.6169108786031,0.0024838607977229,P1,B08,B,8,15.452299231207462,0.00248386079772298,True,False,False,,,False,False,True,glucose_presence_mismatch
2,P2A02,A02_P2_AtC2_3.75000_2.50000_T0,A02_P2_AtC2_3_75000_2_50000_T0.D,935294.0,633.0,997131.0,19505214,4045198.0,1035540,23550412.0,25.17968895342,0.0006767925379613,P2,A02,A,2,22.742155783455974,0.0006767925379613255,True,True,False,,,False,False,True,glucose_presence_mismatch;succinate_presence_mismatch
3,P2H08,H08_P2_AtOaC2_3.75000_2.50000_T7,H08_P2_AtOaC2_3_75000_2_50000_T7.D,72303.0,219.0,71351.0,825,104.0,38599,929.0,0.012848706139441,0.0030289199618273,P2,H08,H,8,0.02406798103577813,0.00302891996182731,True,True,False,,,False,False,True,glucose_presence_mismatch;succinate_presence_mismatch
4,P2D05,D05_P2_OaC2_3.75000_2.50000_T3,D05_P2_OaC2_3_75000_2_50000_T3.D,922288.0,585.0,1056794.0,472,77.0,933963,549.0,0.0005952587478097,0.0006342921083219,P2,D05,D,5,0.0005878177186890701,0.0006342921083219125,True,True,False,,,False,False,True,glucose_presence_mismatch;succinate_presence_mismatch
5,P2H04,H04_P2_Oa_3.75000_2.50000_T7,H04_P2_Oa_3_75000_2_50000_T7.D,994989.0,219.0,1102157.0,364,70.0,914107,434.0,0.0004361857266763,0.0002201029358113,P2,H04,H,4,0.0004747803047126868,0.00022010293581135068,True,True,False,,,False,False,True,glucose_presence_mismatch;succinate_presence_mismatch
6,P2G07,G07_P2_AtOa_3.75000_2.50000_T6,G07_P2_AtOa_3_75000_2_50000_T6.D,934708.0,308.0,1028401.0,315,54.0,872449,369.0,0.0003947756946554,0.0003295146719617,P2,G07,G,7,0.0004229473585275472,0.00032951467196172497,True,True,False,,,False,False,True,glucose_presence_mismatch;succinate_presence_mismatch
7,P1A07,A07_P1_AtOa_3.75000_0.00000_T0,A07_P1_AtOa_3_75000_0_00000_T0.D,,289810.0,822.0,81616,12408.0,865685,94024.0,,,P1,A07,A,7,0.10861225503503007,,False,True,False,,,False,False,True,succinate_presence_mismatch
8,P2H06,H06_P2_FM_0.00000_0.00008_T0,H06_P2_FM_0_00000_0_00008_T0.D,378.0,42.0,,12,11.0,31,23.0,0.0608465608465608,0.111111111111111,P2,H06,H,6,0.7419354838709439,0.11111111111111081,True,False,False,,,False,False,True,glucose_presence_mismatch
9,P2G08,G08_P2_AtOaC2_3.75000_2.50000_T6,G08_P2_AtOaC2_3_75000_2_50000_T6.D,197.0,,141.0,12,8.0,16,20.0,0.101522842639594,,P2,G08,G,8,1.249999999999922,,True,True,False,,,False,False,True,glucose_presence_mismatch;succinate_presence_mismatch
10,P2E02,E02_P2_AtC2_3.75000_2.50000_T4,E02_P2_AtC2_3_75000_2_50000_T4.D,908220.0,649.0,934752.0,348,,1044004,,,0.0007145845720199,P2,E02,E,2,,0.0007145845720199952,True,True,False,,,False,False,True,glucose_presence_mismatch;succinate_presence_mismatch
12,P1B04,B04_P1_Oa_3.75000_0.00000_T1,B04_P1_Oa_3_75000_0_00000_T1.D,974735.0,437693.0,1140692.0,120,6.0,947845,126.0,0.0001292659030403,0.449037943646222,P1,B04,B,4,0.0001329331272518186,0.4490379436462218,False,True,False,,,False,False,True,succinate_presence_mismatch
13,P2E04,E04_P2_Oa_3.75000_2.50000_T4,E04_P2_Oa_3_75000_2_50000_T4.D,747829.0,955714.0,943405.0,5831212,919980.0,864758,6751192.0,9.02772157806129,1.27798467296668,P2,E04,E,4,7.807030406194565,1.2779846729666808,True,True,False,,,False,False,True,glucose_presence_mismatch;succinate_presence_mismatch
14,P2B05,B05_P2_OaC2_3.75000_2.50000_T1,B05_P2_OaC2_3_75000_2_50000_T1.D,593650.0,487.0,635663.0,3368807,496271.0,663256,3865078.0,6.51070159184705,0.0008203486903057,P2,B05,B,5,5.827430132558168,0.0008203486903057357,True,True,False,,,False,False,True,glucose_presence_mismatch;succinate_presence_mismatch
15,P1G06,G06_P1_FM_0.00000_0.00031_T0,G06_P1_FM_0_00000_0_00031_T0.D,902055.0,101.0,1006662.0,1913,311.0,878906,2224.0,0.0024654815948029,0.0001119665652316,P1,G06,G,6,0.0025304184975412617,0.00011196656523161004,True,False,False,,,False,False,True,glucose_presence_mismatch
17,P2F03,F03_P2_FM_0.00183_0.00000_T0,F03_P2_FM_0_00183_0_00000_T0.D,824356.0,395.0,928144.0,220,8.0,690598,228.0,0.0002765795360256,0.0004791619154831,P2,F03,F,3,0.0003301486537754236,0.00047916191548311654,False,True,False,,,False,False,True,succinate_presence_mismatch
18,P2A04,A04_P2_Oa_3.75000_2.50000_T0,A04_P2_Oa_3_75000_2_50000_T0.D,1037952.0,2167414.0,1233626.0,7333558,1202616.0,1099540,8536174.0,8.22405467690221,2.08816399987668,P2,A04,A,4,7.76340469650945,2.0881639998766803,True,True,False,,,False,False,True,glucose_presence_mismatch;succinate_presence_mismatch
19,P2A07,A07_P2_AtOa_3.75000_2.50000_T0,A07_P2_AtOa_3_75000_2_50000_T0.D,1000263.0,2223367.0,1217282.0,7655636,1262991.0,1116501,8918627.0,8.91628201782931,2.22278240822664,P2,A07,A,7,7.988015236887383,2.2227824082266365,True,True,False,,,False,False,True,glucose_presence_mismatch;succinate_presence_mismatch
20,P1H04,H04_P1_Oa_3.75000_0.00000_T7,H04_P1_Oa_3_75000_0_00000_T7.D,1207874.0,782.0,1338204.0,567,153.0,1116676,720.0,0.0005960886648772,0.0006474185221306,P1,H04,H,4,0.0006447707302744932,0.0006474185221306196,False,True,False,,,False,False,True,succinate_presence_mismatch
21,P1E06,E06_P1_FM_0.00000_0.00488_T0,E06_P1_FM_0_00000_0_00488_T0.D,871617.0,342.0,1034698.0,3549,608.0,835902,4157.0,0.0047692966061928,0.0003923741735188,P1,E06,E,6,0.004973071005931317,0.00039237417351887355,True,False,False,,,False,False,True,glucose_presence_mismatch
22,P2D01,D01_P2_At_3.75000_2.50000_T3,D01_P2_At_3_75000_2_50000_T3.D,912760.0,651.0,1098761.0,6610064,1074509.0,991671,7684573.0,8.41905101012314,0.0007132214382751,P2,D01,D,1,7.749115382016818,0.0007132214382751216,True,True,False,,,False,False,True,glucose_presence_mismatch;succinate_presence_mismatch
23,P2B02,B02_P2_AtC2_3.75000_2.50000_T1,B02_P2_AtC2_3_75000_2_50000_T1.D,1042602.0,301.0,1178918.0,292889,35081.0,962526,327970.0,0.314568742434793,0.0002887007698047,P2,B02,B,2,0.3407388475739876,0.0002887007698047769,True,True,False,,,False,False,True,glucose_presence_mismatch;succinate_presence_mismatch
24,P1C07,C07_P1_AtOa_3.75000_0.00000_T2,C07_P1_AtOa_3_75000_0_00000_T2.D,966280.0,504.0,1083306.0,70697,9922.0,861044,80619.0,0.0834323384526224,0.000521587945523,P1,C07,C,7,0.09362936156572718,0.0005215879455230368,False,True,False,,,False,False,True,succinate_presence_mismatch
25,P2F04,F04_P2_Oa_3.75000_2.50000_T5,F04_P2_Oa_3_75000_2_50000_T5.D,945095.0,276.0,1052682.0,461,8.0,903396,469.0,0.0004962464090911,0.0002920341341346,P2,F04,F,4,0.0005191521768969533,0.0002920341341346637,True,True,False,,,False,False,True,glucose_presence_mismatch;succinate_presence_mismatch
26,P1B03,B03_P1_FM_0.93750_0.00000_T0,B03_P1_FM_0_93750_0_00000_T0.D,1052294.0,509844.0,1256891.0,124088,16007.0,998523,140095.0,0.133132945735697,0.484507181453092,P1,B03,B,3,0.14030222638837564,0.484507181453092,False,True,False,,,False,False,True,succinate_presence_mismatch
27,P1D01,D01_P1_At_3.75000_0.00000_T3,D01_P1_At_3_75000_0_00000_T3.D,999161.0,388.0,1114708.0,13789158,2571546.0,1050595,16360704.0,16.3744421569697,0.0003883258053506,P1,D01,D,1,15.5727982714557,0.0003883258053506892,False,True,False,,,False,False,True,succinate_presence_mismatch
28,P1G03,G03_P1_FM_0.00046_0.00000_T0,G03_P1_FM_0_00046_0_00000_T0.D,1061394.0,601.0,1193734.0,1761,359.0,969575,2120.0,0.0019973732657241,0.0005662364776887,P1,G03,G,3,0.002186525023850656,0.0005662364776887754,False,True,False,,,False,False,True,succinate_presence_mismatch
29,P2H07,H07_P2_AtOa_3.75000_2.50000_T7,H07_P2_AtOa_3_75000_2_50000_T7.D,1086007.0,355.0,1216741.0,371,44.0,1056445,415.0,0.000382133816817,0.0003268855541446,P2,H07,H,7,0.00039282688639730417,0.0003268855541446786,True,True,False,,,False,False,True,glucose_presence_mismatch;succinate_presence_mismatch
30,P2C02,C02_P2_AtC2_3.75000_2.50000_T2,C02_P2_AtC2_3_75000_2_50000_T2.D,1084826.0,343.0,1217941.0,246,14.0,939159,260.0,0.0002396697719265,0.00031617973758,P2,C02,C,2,0.0002768434311974863,0.0003161797375800359,True,True,False,,,False,False,True,glucose_presence_mismatch;succinate_presence_mismatch
31,P1G02,G02_P1_At_0.00000_2.50000_T6,G02_P1_At_0_00000_2_50000_T6.D,994985.0,346.0,1106011.0,21973311,4755886.0,1063062,26729197.0,26.8639195565762,0.0003477439358382,P1,G02,G,2,25.14359181308334,0.0003477439358382287,True,False,False,,,False,False,True,glucose_presence_mismatch
32,P1F07,F07_P1_AtOa_3.75000_0.00000_T5,E07_P1_AtOa_3_75000_0_00000_T4.D,1028008.0,426.0,1158521.0,1354,62.0,910975,1416.0,0.0013774211873837,0.0004143936623061,P1,F07,F,7,0.0015543785504541837,0.0004143936623061299,False,True,False,,,False,False,True,succinate_presence_mismatch
33,P2C07,C07_P2_AtOa_3.75000_2.50000_T2,C07_P2_AtOa_3_75000_2_50000_T2.D,1009364.0,358.0,1147308.0,1041865,136151.0,999143,1178016.0,1.1670873936459,0.0003546787878307,P2,C07,C,7,1.1790264256467793,0.0003546787878307528,True,True,False,,,False,False,True,glucose_presence_mismatch;succinate_presence_mismatch
34,P1A04,A04_P1_Oa_3.75000_0.00000_T0,A04_P1_Oa_3_75000_0_00000_T0.D,1049737.0,2376537.0,1233520.0,112,25.0,971960,137.0,0.0001305088798432,2.26393563340151,P1,A04,A,4,0.00014095230256389152,2.263935633401509,False,True,False,,,False,False,True,succinate_presence_mismatch
35,P1H06,H06_P1_FM_0.00000_0.00008_T0,H06_P1_FM_0_00000_0_00008_T0.D,842435.0,402.0,945476.0,2046,93.0,733411,2139.0,0.0025390682960703,0.0004771881510146,P1,H06,H,6,0.0029165092969699116,0.0004771881510146183,True,False,False,,,False,False,True,glucose_presence_mismatch
36,P1A06,A06_P1_FM_0.00000_2.50000_T0,A06_P1_FM_0_00000_2_50000_T0.D,1019633.0,340.0,1145888.0,7518094,1241885.0,1034509,8759979.0,8.59130589143349,0.0003334533111423,P1,A06,A,6,8.467764901030344,0.0003334533111423424,True,False,False,,,False,False,True,glucose_presence_mismatch
37,P2E06,E06_P2_FM_0.00000_0.00488_T0,E06_P2_FM_0_00000_0_00488_T0.D,1144906.0,531.0,1263561.0,6937,1183.0,1024959,8120.0,0.0070922853055185,0.0004637935341416,P2,E06,E,6,0.007922268110236604,0.0004637935341416675,True,False,False,,,False,False,True,glucose_presence_mismatch
38,P2C06,C06_P2_FM_0.00000_0.15625_T0,C06_P2_FM_0_00000_0_15625_T0.D,1080746.0,203.0,1220597.0,276303,33608.0,1062004,309911.0,0.286756555194282,0.0001878332189062,P2,C06,C,6,0.2918171682969179,0.00018783321890619999,True,False,False,,,False,False,True,glucose_presence_mismatch
39,P1D04,D04_P1_Oa_3.75000_0.00000_T3,D04_P1_Oa_3_75000_0_00000_T3.D,1240052.0,245.0,1405049.0,316,12.0,1150950,328.0,0.0002645050368855,0.0001975723598687,P1,D04,D,4,0.00028498197141491814,0.00019757235986877969,False,True,False,,,False,False,True,succinate_presence_mismatch
40,P2F01,F01_P2_At_3.75000_2.50000_T5,F01_P2_At_3_75000_2_50000_T5.D,1008914.0,954.0,1140779.0,7073491,1154765.0,1026260,8228256.0,8.155557361678,0.0009455711785147,P2,F01,F,1,8.017710911464931,0.0009455711785147198,True,True,False,,,False,False,True,glucose_presence_mismatch;succinate_presence_mismatch
41,P2G03,G03_P2_FM_0.00046_0.00000_T0,H02_P1_At_0_00000_2_50000_T7.D,834206.0,387.0,937305.0,1722,138.0,705962,1860.0,0.0022296650947128,0.0004639141890612,P2,G03,G,3,0.002634702717710018,0.0004639141890612151,False,True,False,,,False,False,True,succinate_presence_mismatch
42,P2F07,F07_P2_AtOa_3.75000_2.50000_T5,E07_P2_AtOa_3_75000_2_50000_T4.D,930853.0,361.0,1045316.0,133,31.0,835267,164.0,0.0001761824906832,0.0003878163361991,P2,F07,F,7,0.00019634440244855835,0.0003878163361991636,True,True,False,,,False,False,True,glucose_presence_mismatch;succinate_presence_mismatch
45,P2H05,H05_P2_OaC2_3.75000_2.50000_T7,C04_P1_Oa_3_75000_0_00000_T2.D,813126.0,349.0,926588.0,281,46.0,796826,327.0,0.0004021516960471,0.000429207773457,P2,H05,H,5,0.0004103781754109429,0.0004292077734570042,True,True,False,,,False,False,True,glucose_presence_mismatch;succinate_presence_mismatch
46,P1E07,E07_P1_AtOa_3.75000_0.00000_T4,G03_P2_FM_0_00046_0_00000_T0.D,746079.0,139.0,895209.0,4142,686.0,665343,4828.0,0.0064711645817668,0.0001863073481494,P1,E07,E,7,0.007256407597284408,0.0001863073481494587,False,True,False,,,False,False,True,succinate_presence_mismatch
47,P2C01,C01_P2_At_3.75000_2.50000_T2,F07_P2_AtOa_3_75000_2_50000_T5.D,907581.0,58.0,1023019.0,6169685,997877.0,927311,7167562.0,7.89743504987434,6.39061417107674e-05,P2,C01,C,1,7.729404698100206,6.390614171076741e-05,True,True,False,,,False,False,True,glucose_presence_mismatch;succinate_presence_mismatch
48,P2B06,B06_P2_FM_0.00000_0.62500_T0,B09_P2_none_0_00000_0_00000_none.D,972305.0,44.0,1085877.0,1387315,185760.0,911460,1573075.0,1.61788224888281,4.52532898627488e-05,P2,B06,B,6,1.725884844096285,4.525328986274883e-05,True,False,False,,,False,False,True,glucose_presence_mismatch
49,P1A08,A08_P1_AtOa_0.00000_2.50000_T0,A09_P2_none_0_00000_0_00000_none.D,397913.0,128.0,428582.0,5678372,892712.0,413476,6571084.0,16.5138711225821,0.0003216783568267,P1,A08,A,8,15.892298464723467,0.00032167835682674355,True,False,False,,,False,False,True,glucose_presence_mismatch
50,P1B05,B05_P1_Oa_0.00000_2.50000_T1,H05_P2_OaC2_3_75000_2_50000_T7.D,959900.0,345.0,1088946.0,6707552,1082131.0,968111,7789683.0,8.11509844775497,0.0003594124387957,P1,B05,B,5,8.046270520632449,0.00035941243879570787,True,False,False,,,False,False,True,glucose_presence_mismatch
51,P1F06,F06_P1_FM_0.00000_0.00122_T0,F07_P1_AtOa_3_75000_0_00000_T5.D,793130.0,,887172.0,1010,175.0,696292,1185.0,0.0014940804155687,,P1,F06,F,6,0.0017018722030412528,,True,False,False,,,False,False,True,glucose_presence_mismatch
52,P1B01,B01_P1_At_3.75000_0.00000_T1,C01_P2_At_3_75000_2_50000_T2.D,960081.0,222.0,1146538.0,13528851,2493098.0,1012613,16021949.0,16.6881221480271,0.0002312304899274,P1,B01,B,1,15.822381304605017,0.00023123048992741238,False,True,False,,,False,False,True,succinate_presence_mismatch
53,P2D02,D02_P2_AtC2_3.75000_2.50000_T3,B06_P2_FM_0_00000_0_62500_T0.D,919897.0,235.0,1120374.0,781,57.0,884990,838.0,0.000910971554424,0.0002554633834005,P2,D02,D,2,0.0009469033548401677,0.0002554633834005329,True,True,False,,,False,False,True,glucose_presence_mismatch;succinate_presence_mismatch
54,P2G02,G02_P2_AtC2_3.75000_2.50000_T6,A08_P1_AtOa_0_00000_2_50000_T0.D,1021828.0,258.0,1160829.0,284,10.0,914476,294.0,0.0002877196553627,0.000252488677155,P2,G02,G,2,0.00032149558873059545,0.0002524886771550594,True,True,False,,,False,False,True,glucose_presence_mismatch;succinate_presence_mismatch
55,P1D07,D07_P1_AtOa_3.75000_0.00000_T3,B05_P1_Oa_0_00000_2_50000_T1.D,795912.0,250.0,970303.0,195,20.0,674020,215.0,0.0002701303661711,0.0003141050769431,P1,D07,D,7,0.00031898163259250467,0.00031410507694317965,False,True,False,,,False,False,True,succinate_presence_mismatch
56,P1E05,E05_P1_Oa_0.00000_2.50000_T4,F06_P1_FM_0_00000_0_00122_T0.D,978610.0,277.0,1155552.0,7714549,1286091.0,1057609,9000640.0,9.19737178242609,0.0002830545365365,P1,E05,E,5,8.510366307397158,0.0002830545365365161,True,False,False,,,False,False,True,glucose_presence_mismatch
57,P1F04,F04_P1_Oa_3.75000_0.00000_T5,B01_P1_At_3_75000_0_00000_T1.D,481658.0,231.0,538221.0,621,118.0,428844,739.0,0.0015342836618513,0.0004795934044488,P1,F04,F,4,0.0017232373543759503,0.00047959340444879976,False,True,False,,,False,False,True,succinate_presence_mismatch
58,P2C03,C03_P2_FM_0.23438_0.00000_T0,D02_P2_AtC2_3_75000_2_50000_T3.D,818763.0,83651.0,969606.0,318,14.0,712631,332.0,0.0004054897448956,0.102167538103212,P2,C03,C,3,0.0004658792558841813,0.1021675381032118,False,True,False,,,False,False,True,succinate_presence_mismatch
59,P1A01,A01_P1_At_3.75000_0.00000_T0,G02_P2_AtC2_3_75000_2_50000_T6.D,923607.0,99.0,1047727.0,13348765,2473297.0,914122,15822062.0,17.1307298450531,0.0001071884470342,P1,A01,A,1,17.308479612130547,0.00010718844703429056,False,True,False,,,False,False,True,succinate_presence_mismatch
60,P1C05,C05_P1_Oa_0.00000_2.50000_T2,D07_P1_AtOa_3_75000_0_00000_T3.D,1006460.0,429.0,1096495.0,6616769,1056196.0,1031372,7672965.0,7.62371579595811,0.0004262464479462,P1,C05,C,5,7.439570785322852,0.0004262464479462671,True,False,False,,,False,False,True,glucose_presence_mismatch
61,P2E01,E01_P2_At_3.75000_2.50000_T4,E05_P1_Oa_0_00000_2_50000_T4.D,873945.0,252.0,972561.0,5969217,943705.0,889859,6912922.0,7.91001950923685,0.0002883476648988,P2,E01,E,1,7.768558839096981,0.00028834766489882084,True,True,False,,,False,False,True,glucose_presence_mismatch;succinate_presence_mismatch
62,P1G08,G08_P1_AtOa_0.00000_2.50000_T6,F04_P1_Oa_3_75000_0_00000_T5.D,918574.0,208.0,1014233.0,5995680,944419.0,935269,6940099.0,7.55529657926308,0.0002264379353214,P1,G08,G,8,7.420430913459122,0.00022643793532148743,True,False,False,,,False,False,True,glucose_presence_mismatch
63,P2E03,E03_P2_FM_0.00732_0.00000_T0,C03_P2_FM_0_23438_0_00000_T0.D,748520.0,1646.0,838695.0,500,8.0,626773,508.0,0.0006786725805589,0.0021990060385828,P2,E03,E,3,0.0008105007714116594,0.0021990060385828035,False,True,False,,,False,False,True,succinate_presence_mismatch
64,P2B01,B01_P2_At_3.75000_2.50000_T1,A01_P1_At_3_75000_0_00000_T0.D,891278.0,341.0,1003539.0,5809945,923492.0,899886,6733437.0,7.5548111812476,0.0003825966757846,P2,B01,B,1,7.4825444556310465,0.0003825966757846598,True,True,False,,,False,False,True,glucose_presence_mismatch;succinate_presence_mismatch
65,P1D08,D08_P1_AtOa_0.00000_2.50000_T3,C05_P1_Oa_0_00000_2_50000_T2.D,463117.0,91.0,550294.0,4841187,742815.0,476001,5584002.0,12.057432571035,0.0001964946223092,P1,D08,D,8,11.731071993546232,0.00019649462230926526,True,False,False,,,False,False,True,glucose_presence_mismatch
66,P1H01,H01_P1_At_3.75000_0.00000_T7,E01_P2_At_3_75000_2_50000_T4.D,1005739.0,436.0,1134712.0,12269683,2204761.0,1050687,14474444.0,14.3918491775699,0.0004335120742061,P1,H01,H,1,13.77617120988458,0.00043351207420613103,False,True,False,,,False,False,True,succinate_presence_mismatch
67,P2A01,A01_P2_At_3.75000_2.50000_T0,G08_P1_AtOa_0_00000_2_50000_T6.D,1058175.0,355.0,1195731.0,20666197,4359373.0,1092974,25025570.0,23.6497460249959,0.0003354832612753,P2,A01,A,1,22.896766071288063,0.0003354832612753089,True,True,False,,,False,False,True,glucose_presence_mismatch;succinate_presence_mismatch
68,P2B04,B04_P2_Oa_3.75000_2.50000_T1,E03_P2_FM_0_00732_0_00000_T0.D,790752.0,1332715.0,997740.0,5888418,933798.0,822956,6822216.0,8.62750394561127,1.68537670470641,P2,B04,B,4,8.289891561638775,1.685376704706406,True,True,False,,,False,False,True,glucose_presence_mismatch;succinate_presence_mismatch
69,P1F05,F05_P1_Oa_0.00000_2.50000_T5,B01_P2_At_3_75000_2_50000_T1.D,994617.0,246.0,1116001.0,6977370,1126597.0,1039897,8103967.0,8.1478267514028,0.0002473313848446,P1,F05,F,5,7.793047773000596,0.00024733138484461857,True,False,False,,,False,False,True,glucose_presence_mismatch
70,P1H08,H08_P1_AtOa_0.00000_2.50000_T7,D08_P1_AtOa_0_00000_2_50000_T3.D,902507.0,22.0,1009254.0,4725931,719151.0,954273,5445082.0,6.03328506039288,2.43765422318054e-05,P1,H08,H,8,5.706000274554556,2.4376542231805404e-05,True,False,False,,,False,False,True,glucose_presence_mismatch
71,P1E02,E02_P1_At_0.00000_2.50000_T4,H01_P1_At_3_75000_0_00000_T7.D,966461.0,589.0,1067746.0,20042839,4122440.0,1019859,24165279.0,25.0038842746888,0.0006094400084431,P1,E02,E,2,23.69472544734125,0.0006094400084431757,True,False,False,,,False,False,True,glucose_presence_mismatch
72,P1C03,C03_P1_FM_0.23438_0.00000_T0,A01_P2_At_3_75000_2_50000_T0.D,990998.0,97064.0,1167679.0,14708,2344.0,872738,17052.0,0.0172068964821322,0.097945707256725,P1,C03,C,3,0.019538509839149894,0.09794570725672504,False,True,False,,,False,False,True,succinate_presence_mismatch
73,P2A08,A08_P2_AtOaC2_3.75000_2.50000_T0,B04_P2_Oa_3_75000_2_50000_T1.D,117273.0,2119676.0,156446.0,6940654,1126446.0,88009,8067100.0,68.7890648316322,18.0747145549274,P2,A08,A,8,91.66221636423548,18.074714554927393,True,True,False,,,False,False,True,glucose_presence_mismatch;succinate_presence_mismatch
74,P2E05,E05_P2_OaC2_3.75000_2.50000_T4,F05_P1_Oa_0_00000_2_50000_T5.D,856558.0,1823.0,955302.0,467,66.0,832655,533.0,0.0006222579206545,0.0021282855334956,P2,E05,E,5,0.0006401210585416529,0.0021282855334956888,True,True,False,,,False,False,True,glucose_presence_mismatch;succinate_presence_mismatch
75,P1A02,A02_P1_At_0.00000_2.50000_T0,H08_P1_AtOa_0_00000_2_50000_T7.D,960168.0,726.0,1075435.0,7173756,1171061.0,1018646,8344817.0,8.69099678389615,0.0007561176794061,P1,A02,A,2,8.192067705562089,0.0007561176794061039,True,False,False,,,False,False,True,glucose_presence_mismatch
76,P2F02,F02_P2_AtC2_3.75000_2.50000_T5,E02_P1_At_0_00000_2_50000_T4.D,1059601.0,354.0,1205320.0,668,67.0,939099,735.0,0.0006936573295042,0.0003340880199244,P2,F02,F,2,0.0007826650864285874,0.00033408801992448103,True,True,False,,,False,False,True,glucose_presence_mismatch;succinate_presence_mismatch
77,P1G04,G04_P1_Oa_3.75000_0.00000_T6,C03_P1_FM_0_23438_0_00000_T0.D,1004802.0,531.0,1130464.0,380,7.0,896992,387.0,0.0003851505072641,0.0005284623239205,P1,G04,G,4,0.0004314419749562984,0.0005284623239205336,False,True,False,,,False,False,True,succinate_presence_mismatch
78,P1B07,B07_P1_AtOa_3.75000_0.00000_T1,A08_P2_AtOaC2_3_75000_2_50000_T0.D,907059.0,508.0,1030545.0,1484,304.0,818835,1788.0,0.0019712058421778,0.0005600517717149,P1,B07,B,7,0.002183590100569712,0.0005600517717149602,False,True,False,,,False,False,True,succinate_presence_mismatch
79,P1H07,H07_P1_AtOa_3.75000_0.00000_T7,E05_P2_OaC2_3_75000_2_50000_T4.D,877081.0,305.0,1004437.0,316,,736864,,,0.0003477443930492,P1,H07,H,7,,0.00034774439304921664,False,True,False,,,False,False,True,succinate_presence_mismatch
80,P1G07,G07_P1_AtOa_3.75000_0.00000_T6,A02_P1_At_0_00000_2_50000_T0.D,817654.0,398.0,946611.0,880,69.0,719137,949.0,0.0011606376291194,0.0004867584577339,P1,G07,G,7,0.0013196372874709548,0.00048675845773395594,False,True,False,,,False,False,True,succinate_presence_mismatch
81,P2A06,A06_P2_FM_0.00000_2.50000_T0,F02_P2_AtC2_3_75000_2_50000_T5.D,730105.0,399.0,785272.0,5310886,826921.0,776098,6137807.0,8.4067456050842,0.0005464967367707,P2,A06,A,6,7.908546343374161,0.0005464967367707384,True,False,False,,,False,False,True,glucose_presence_mismatch
82,P2C08,C08_P2_AtOaC2_3.75000_2.50000_T2,G04_P1_Oa_3_75000_0_00000_T6.D,184266.0,220.0,196294.0,398,62.0,109365,460.0,0.0024963910867984,0.001193926171947,P2,C08,C,8,0.004206098843322818,0.0011939261719470765,True,True,False,,,False,False,True,glucose_presence_mismatch;succinate_presence_mismatch
83,P2A03,A03_P2_FM_3.75000_0.00000_T0,B07_P1_AtOa_3_75000_0_00000_T1.D,861497.0,1538569.0,1078647.0,170,34.0,700296,204.0,0.0002367971101466,1.78592496549611,P2,A03,A,3,0.0002913053908632921,1.7859249654961074,False,True,False,,,False,False,True,succinate_presence_mismatch
84,P2H01,H01_P2_At_3.75000_2.50000_T7,H07_P1_AtOa_3_75000_0_00000_T7.D,956554.0,1232.0,1098122.0,7242370,1178855.0,979241,8421225.0,8.80371102938256,0.0012879565607378,P2,H01,H,1,8.59974715110989,0.0012879565607378152,True,True,False,,,False,False,True,glucose_presence_mismatch;succinate_presence_mismatch
85,P2B03,B03_P2_FM_0.93750_0.00000_T0,G07_P1_AtOa_3_75000_0_00000_T6.D,506309.0,190915.0,624046.0,401,18.0,402242,419.0,0.0008275578747365,0.377072104189339,P2,B03,B,3,0.0010416614873633284,0.3770721041893389,False,True,False,,,False,False,True,succinate_presence_mismatch
86,P1D03,D03_P1_FM_0.05859_0.00000_T0,A06_P2_FM_0_00000_2_50000_T0.D,987183.0,18110.0,1212519.0,219,11.0,936952,230.0,0.0002329861839192,0.0183451295251235,P1,D03,D,3,0.0002454768227187732,0.01834512952512351,False,True,False,,,False,False,True,succinate_presence_mismatch
87,P1E08,E08_P1_AtOa_0.00000_2.50000_T4,C08_P2_AtOaC2_3_75000_2_50000_T2.D,670791.0,326.0,697422.0,6396685,1014407.0,700163,7411092.0,11.048287767725,0.0004859934018196,P1,E08,E,8,10.584809537207764,0.00048599340181964277,True,False,False,,,False,False,True,glucose_presence_mismatch
88,P2D07,D07_P2_AtOa_3.75000_2.50000_T3,A03_P2_FM_3_75000_0_00000_T0.D,869196.0,379.0,986618.0,589,13.0,836131,602.0,0.0006925940754444,0.0004360351405206,P2,D07,D,7,0.0007199828734970956,0.00043603514052066507,True,True,False,,,False,False,True,glucose_presence_mismatch;succinate_presence_mismatch
89,P2D03,D03_P2_FM_0.05859_0.00000_T0,H01_P2_At_3_75000_2_50000_T7.D,831131.0,12372.0,971715.0,222,16.0,707520,238.0,0.0002863567837079,0.0148857400337612,P2,D03,D,3,0.000336386250565355,0.014885740033761224,False,True,False,,,False,False,True,succinate_presence_mismatch
90,P2C05,C05_P2_OaC2_3.75000_2.50000_T2,B03_P2_FM_0_93750_0_00000_T0.D,938352.0,424.0,1046923.0,473263,57614.0,956345,530877.0,0.565754642181186,0.0004518560199157,P2,C05,C,5,0.5551103419790975,0.0004518560199157672,True,True,False,,,False,False,True,glucose_presence_mismatch;succinate_presence_mismatch
91,P2H03,H03_P2_FM_0.00011_0.00000_T0,D03_P1_FM_0_05859_0_00000_T0.D,694958.0,217.0,748774.0,274,20.0,610176,294.0,0.0004230471481729,0.0003122490855562,P2,H03,H,3,0.0004818281938325991,0.00031224908555624943,False,True,False,,,False,False,True,succinate_presence_mismatch
92,P1G05,G05_P1_Oa_0.00000_2.50000_T6,E08_P1_AtOa_0_00000_2_50000_T4.D,953063.0,311.0,1088647.0,7016511,1113241.0,1059032,8129752.0,8.53013074686563,0.0003263163085756,P1,G05,G,5,7.676587676293067,0.00032631630857561357,True,False,False,,,False,False,True,glucose_presence_mismatch
93,P2H02,H02_P2_AtC2_3.75000_2.50000_T7,D07_P2_AtOa_3_75000_2_50000_T3.D,989533.0,269.0,1118601.0,602,80.0,860541,682.0,0.000689214002969,0.0002718454058631,P2,H02,H,2,0.0007925247024836702,0.0002718454058631698,True,True,False,,,False,False,True,glucose_presence_mismatch;succinate_presence_mismatch
94,P2F05,F05_P2_OaC2_3.75000_2.50000_T5,D03_P2_FM_0_05859_0_00000_T0.D,842232.0,4215.0,940592.0,4249467,640321.0,872415,4889788.0,5.80574948470255,0.0050045593138232,P2,F05,F,5,5.604887582171329,0.00500455931382327,True,True,False,,,False,False,True,glucose_presence_mismatch;succinate_presence_mismatch
95,P1F03,F03_P1_FM_0.00183_0.00000_T0,C05_P2_OaC2_3_75000_2_50000_T2.D,1015729.0,903.0,1125565.0,1610,309.0,909020,1919.0,0.0018892834604505,0.000889016657002,P1,F03,F,3,0.0021110646630437173,0.0008890166570020153,False,True,False,,,False,False,True,succinate_presence_mismatch
96,P2D04,D04_P2_Oa_3.75000_2.50000_T3,H03_P2_FM_0_00011_0_00000_T0.D,809642.0,918720.0,1018687.0,5016117,774185.0,863366,5790302.0,7.15168185444925,1.13472374209836,P2,D04,D,4,6.7066597480095345,1.1347237420983596,True,True,False,,,False,False,True,glucose_presence_mismatch;succinate_presence_mismatch
97,P2G06,G06_P2_FM_0.00000_0.00031_T0,G05_P1_Oa_0_00000_2_50000_T6.D,828371.0,545.0,918667.0,864,152.0,777277,1016.0,0.0012265035835392,0.0006579177687292,P2,G06,G,6,0.0013071273175457399,0.0006579177687292288,True,False,False,,,False,False,True,glucose_presence_mismatch
98,P1F01,F01_P1_At_3.75000_0.00000_T5,H02_P2_AtC2_3_75000_2_50000_T7.D,750432.0,310.0,834509.0,10442519,1798285.0,760447,12240804.0,16.3116764743508,0.0004130953903884,P1,F01,F,1,16.096853561129176,0.0004130953903884696,False,True,False,,,False,False,True,succinate_presence_mismatch
99,P1D02,D02_P1_At_0.00000_2.50000_T3,F05_P2_OaC2_3_75000_2_50000_T5.D,1013157.0,469.0,1075057.0,20921472,4389786.0,1096285,25311258.0,24.982562426159,0.0004629094997122,P1,D02,D,2,23.088209726485356,0.00046290949971228545,True,False,False,,,False,False,True,glucose_presence_mismatch
100,P2G01,G01_P2_At_3.75000_2.50000_T6,F03_P1_FM_0_00183_0_00000_T0.D,894865.0,332.0,993144.0,6197750,981663.0,931982,7179413.0,8.02290066099356,0.0003710056824213,P2,G01,G,1,7.703381610374449,0.0003710056824213708,True,True,False,,,False,False,True,glucose_presence_mismatch;succinate_presence_mismatch
101,P2A05,A05_P2_OaC2_3.75000_2.50000_T0,D04_P2_Oa_3_75000_2_50000_T3.D,851708.0,1822037.0,1071702.0,6535355,1039254.0,952115,7574609.0,8.89343413470344,2.13927425831388,P2,A05,A,5,7.9555610404205375,2.139274258313882,True,True,False,,,False,False,True,glucose_presence_mismatch;succinate_presence_mismatch
102,P2F06,F06_P2_FM_0.00000_0.00122_T0,G06_P2_FM_0_00000_0_00031_T0.D,702045.0,301.0,827670.0,1194,257.0,628858,1451.0,0.0020668190785491,0.0004287474449643,P2,F06,F,6,0.002307357145810342,0.00042874744496435415,True,False,False,,,False,False,True,glucose_presence_mismatch
103,P2C04,C04_P2_Oa_3.75000_2.50000_T2,F01_P1_At_3_75000_0_00000_T5.D,880688.0,1491229.0,1119647.0,6732768,1075748.0,995543,7808516.0,8.866381737914,1.69325459186454,P2,C04,C,4,7.843474365245901,1.6932545918645423,True,True,False,,,False,False,True,glucose_presence_mismatch;succinate_presence_mismatch
104,P2E08,E08_P2_AtOaC2_3.75000_2.50000_T4,D02_P1_At_0_00000_2_50000_T3.D,128085.0,281.0,128115.0,213,41.0,59082,254.0,0.0019830581254635,0.0021938556427372,P2,E08,E,8,0.0042991097119257984,0.0021938556427372447,True,True,False,,,False,False,True,glucose_presence_mismatch;succinate_presence_mismatch
105,P1C01,C01_P1_At_3.75000_0.00000_T2,G01_P2_At_3_75000_2_50000_T6.D,852449.0,500.0,943007.0,11267236,1971847.0,876842,13239083.0,15.5306452350815,0.0005865453534463,P1,C01,C,1,15.098595870179576,0.0005865453534463646,False,True,False,,,False,False,True,succinate_presence_mismatch
106,P2G04,G04_P2_Oa_3.75000_2.50000_T6,A05_P2_OaC2_3_75000_2_50000_T0.D,928233.0,559.0,978273.0,269565,32345.0,870664,301910.0,0.325252388139616,0.0006022194858403,P2,G04,G,4,0.3467583361664201,0.0006022194858403009,True,True,False,,,False,False,True,glucose_presence_mismatch;succinate_presence_mismatch
107,P1E01,E01_P1_At_3.75000_0.00000_T4,F06_P2_FM_0_00000_0_00122_T0.D,1055451.0,132.0,1162641.0,14108622,2600583.0,1104629,16709205.0,15.8313412939113,0.0001250650195982,P1,E01,E,1,15.126531170193793,0.00012506501959825704,False,True,False,,,False,False,True,succinate_presence_mismatch
108,P1D06,D06_P1_FM_0.00000_0.03906_T0,C04_P2_Oa_3_75000_2_50000_T2.D,880855.0,477.0,966744.0,47003,6808.0,816610,53811.0,0.061089509624172,0.0005415193192977,P1,D06,D,6,0.06589559275541568,0.0005415193192977278,True,False,False,,,False,False,True,glucose_presence_mismatch
109,P1D05,D05_P1_Oa_0.00000_2.50000_T3,E08_P2_AtOaC2_3_75000_2_50000_T4.D,960297.0,516.0,1042123.0,7257759,1163574.0,1030654,8421333.0,8.76950880821246,0.0005373337623672,P1,D05,D,5,8.170863354724283,0.0005373337623672676,True,False,False,,,False,False,True,glucose_presence_mismatch
110,P1E03,E03_P1_FM_0.00732_0.00000_T0,C01_P1_At_3_75000_0_00000_T2.D,991933.0,1679.0,1081883.0,1416,316.0,908942,1732.0,0.0017460856731251,0.0016926546450213,P1,E03,E,3,0.0019055121228857288,0.0016926546450213875,False,True,False,,,False,False,True,succinate_presence_mismatch
111,P2F08,F08_P2_AtOaC2_3.75000_2.50000_T5,G04_P2_Oa_3_75000_2_50000_T6.D,120229.0,276.0,126054.0,328,60.0,61730,388.0,0.0032271748080745,0.0022956191933726,P2,F08,F,8,0.006285436578648955,0.0022956191933726474,True,True,False,,,False,False,True,glucose_presence_mismatch;succinate_presence_mismatch
112,P1E04,E04_P1_Oa_3.75000_0.00000_T4,E01_P1_At_3_75000_0_00000_T4.D,639876.0,426.0,702355.0,340,102.0,573391,442.0,0.0006907588345241,0.0006657539898355,P1,E04,E,4,0.0007708526991180539,0.0006657539898355306,False,True,False,,,False,False,True,succinate_presence_mismatch
113,P1H05,H05_P1_Oa_0.00000_2.50000_T7,D06_P1_FM_0_00000_0_03906_T0.D,938881.0,275.0,1092125.0,6694719,1061926.0,1056628,7756645.0,8.26158480148176,0.0002929018693529,P1,H05,H,5,7.340942129112611,0.0002929018693529851,True,False,False,,,False,False,True,glucose_presence_mismatch
114,P2B08,B08_P2_AtOaC2_3.75000_2.50000_T1,D05_P1_Oa_0_00000_2_50000_T3.D,94471.0,358.0,94257.0,560,21.0,46794,581.0,0.0061500354606175,0.0037895227106731,P2,B08,B,8,0.01241612172500748,0.0037895227106731167,True,True,False,,,False,False,True,glucose_presence_mismatch;succinate_presence_mismatch
115,P1A05,A05_P1_Oa_0.00000_2.50000_T0,E03_P1_FM_0_00732_0_00000_T0.D,1075400.0,399.0,1205844.0,8551000,1417042.0,1165257,9968042.0,9.26914822391668,0.0003710247349823,P1,A05,A,5,8.554372125634087,0.0003710247349823322,True,False,False,,,False,False,True,glucose_presence_mismatch
116,P1F02,F02_P1_At_0.00000_2.50000_T5,F08_P2_AtOaC2_3_75000_2_50000_T5.D,1002215.0,522.0,1111545.0,20575975,4340588.0,1077915,24916563.0,24.8614947890423,0.0005208463253892,P1,F02,F,2,23.115517457313423,0.0005208463253892628,True,False,False,,,False,False,True,glucose_presence_mismatch
117,P2D08,D08_P2_AtOaC2_3.75000_2.50000_T3,E04_P1_Oa_3_75000_0_00000_T4.D,90371.0,558.0,91600.0,1260,179.0,38824,1439.0,0.0159232497150635,0.0061745471445485,P2,D08,D,8,0.03706470224603338,0.006174547144548583,True,True,False,,,False,False,True,glucose_presence_mismatch;succinate_presence_mismatch
118,P1A03,A03_P1_FM_3.75000_0.00000_T0,H05_P1_Oa_0_00000_2_50000_T7.D,910961.0,2153962.0,1219806.0,681,81.0,880564,762.0,0.0008364792784762,2.36449419898327,P1,A03,A,3,0.0008653544773576934,2.3644941989832717,False,True,False,,,False,False,True,succinate_presence_mismatch
119,P1G01,G01_P1_At_3.75000_0.00000_T6,B08_P2_AtOaC2_3_75000_2_50000_T1.D,1048325.0,1026.0,1168833.0,13469396,2458315.0,1143610,15927711.0,15.1934857987742,0.0009787041232442,P1,G01,G,1,13.927572336723184,0.000978704123244223,False,True,False,,,False,False,True,succinate_presence_mismatch
120,P1B02,B02_P1_At_0.00000_2.50000_T1,A05_P1_Oa_0_00000_2_50000_T0.D,1009644.0,442.0,1128527.0,20224730,4238647.0,1107363,24463377.0,24.2297057180551,0.0004377780683092,P1,B02,B,2,22.091560761918178,0.00043777806830922584,True,False,False,,,False,False,True,glucose_presence_mismatch
121,P2B07,B07_P2_AtOa_3.75000_2.50000_T1,F02_P1_At_0_00000_2_50000_T5.D,969197.0,712.0,1071957.0,3097130,436066.0,960510,3533196.0,3.64548796581087,0.0007346287700023,P2,B07,B,7,3.678458319018022,0.0007346287700023834,True,True,False,,,False,False,True,glucose_presence_mismatch;succinate_presence_mismatch
122,P1C02,C02_P1_At_0.00000_2.50000_T2,D08_P2_AtOaC2_3_75000_2_50000_T3.D,816477.0,471.0,918436.0,19353269,3948789.0,912932,23302058.0,28.5397604586535,0.0005768686686826,P1,C02,C,2,25.524418028944105,0.0005768686686826451,True,False,False,,,False,False,True,glucose_presence_mismatch
123,P2D06,D06_P2_FM_0.00000_0.03906_T0,A03_P1_FM_3_75000_0_00000_T0.D,1034252.0,209.0,1148126.0,50493,6657.0,969613,57150.0,0.0552573260675348,0.0002020784102907,P2,D06,D,6,0.058941041425805966,0.00020207841029072217,True,False,False,,,False,False,True,glucose_presence_mismatch
124,P2G05,G05_P2_OaC2_3.75000_2.50000_T6,G01_P1_At_3_75000_0_00000_T6.D,764035.0,772.0,868227.0,1040,73.0,780682,1113.0,0.001456739547272,0.0010104249150889,P2,G05,G,5,0.0014256765238599071,0.0010104249150889684,True,True,False,,,False,False,True,glucose_presence_mismatch;succinate_presence_mismatch
125,P1F08,F08_P1_AtOa_0.00000_2.50000_T5,B02_P1_At_0_00000_2_50000_T1.D,721552.0,336.0,791233.0,6794871,1072100.0,838696,7866971.0,10.9028469188638,0.000465662904406,P1,F08,F,8,9.380003004664383,0.00046566290440605806,True,False,False,,,False,False,True,glucose_presence_mismatch
126,P1C06,C06_P1_FM_0.00000_0.15625_T0,B07_P2_AtOa_3_75000_2_50000_T1.D,901773.0,335.0,988653.0,257645,30827.0,861684,288472.0,0.319894252766494,0.0003714903861614,P1,C06,C,6,0.3347770180251693,0.0003714903861614841,True,False,False,,,False,False,True,glucose_presence_mismatch
127,P1H03,H03_P1_FM_0.00011_0.00000_T0,C02_P1_At_0_00000_2_50000_T2.D,1003678.0,508.0,1099402.0,629,55.0,925665,684.0,0.0006814934670282,0.0005061384228806,P1,H03,H,3,0.000738928229975207,0.0005061384228806449,False,True,False,,,False,False,True,succinate_presence_mismatch
129,P1B06,B06_P1_FM_0.00000_0.62500_T0,G05_P2_OaC2_3_75000_2_50000_T6.D,847497.0,523.0,941075.0,1082589,134989.0,888007,1217578.0,1.43667529206593,0.0006171113290076,P1,B06,B,6,1.3711355878951406,0.0006171113290076543,True,False,False,,,False,False,True,glucose_presence_mismatch
130,P1H02,H02_P1_At_0.00000_2.50000_T7,F08_P1_AtOa_0_00000_2_50000_T5.D,951875.0,553.0,1049785.0,21229368,4476527.0,1100937,25705895.0,27.0055364412344,0.0005809586342744,P1,H02,H,2,23.34910626130287,0.0005809586342744583,True,False,False,,,False,False,True,glucose_presence_mismatch
131,P2E07,E07_P2_AtOa_3.75000_2.50000_T4,C06_P1_FM_0_00000_0_15625_T0.D,482770.0,59296.0,548556.0,1282,179.0,462164,1461.0,0.0030262858089773,0.122824533421712,P2,E07,E,7,0.003161215499260003,0.1228245334217122,True,True,False,,,False,False,True,glucose_presence_mismatch;succinate_presence_mismatch
133,P1C08,C08_P1_AtOa_0.00000_2.50000_T2,C09_P1_none_0_00000_0_00000_none.D,484743.0,358.0,492230.0,6000419,936257.0,529983,6936676.0,14.3100075710222,0.0007385356776683,P1,C08,C,8,13.088487743946503,0.0007385356776683727,True,False,False,,,False,False,True,glucose_presence_mismatch
134,P1C04,C04_P1_Oa_3.75000_0.00000_T2,B06_P1_FM_0_00000_0_62500_T0.D,1013172.0,382.0,1131078.0,1490,265.0,971640,1755.0,0.0017321836766116,0.0003770337119462,P1,C04,C,4,0.0018062245276028158,0.00037703371194624407,False,True,False,,,False,False,True,succinate_presence_mismatch
